problem_id,method,accuracy,error_rate,diversity,time_sec,tokens,robust_diversity,clusters,problem_complexity
energy_crisis_1,CoT,0.0,1.0,0.992,0.0,17,,,0.345
energy_crisis_1,CoT,0.0,1.0,0.992,0.0,17,,,0.345
energy_crisis_1,CoT,0.0,1.0,0.992,0.0,17,,,0.345
energy_crisis_1,ToT,0.1,0.9,1.0,0.0,15,,,0.345
energy_crisis_1,ToT,0.1,0.9,1.0,0.0,15,,,0.345
energy_crisis_1,ToT,0.1,0.9,1.0,0.0,15,,,0.345
energy_crisis_1,GoT,0.0,1.0,1.0,0.0,14,,,0.345
energy_crisis_1,GoT,0.0,1.0,1.0,0.0,14,,,0.345
energy_crisis_1,GoT,0.0,1.0,1.0,0.0,14,,,0.345
energy_crisis_1,ReAct,0.1,0.9,0.985,0.0,16,,,0.345
energy_crisis_1,ReAct,0.1,0.9,0.985,0.0,16,,,0.345
energy_crisis_1,ReAct,0.1,0.9,0.985,0.0,16,,,0.345
energy_crisis_1,CPPTAI,0.2,0.8,0.995,0.002,84,0.849,3,0.345
energy_crisis_1,CPPTAI,0.2,0.8,0.995,0.001,84,0.849,3,0.345
energy_crisis_1,CPPTAI,0.2,0.8,0.995,0.001,84,0.849,3,0.345
energy_crisis_1,CPPTAI_no_IV,0.0,1.0,1.0,0.001,8,0.853,3,0.345
energy_crisis_1,CPPTAI_no_IV,0.0,1.0,1.0,0.001,8,0.853,3,0.345
energy_crisis_1,CPPTAI_no_IV,0.0,1.0,1.0,0.001,8,0.853,3,0.345
energy_crisis_1,CPPTAI_no_I,0.2,0.8,0.995,0.001,84,0.849,3,0.345
energy_crisis_1,CPPTAI_no_I,0.2,0.8,0.995,0.001,84,0.849,3,0.345
energy_crisis_1,CPPTAI_no_I,0.2,0.8,0.995,0.001,84,0.849,3,0.345
energy_crisis_2,CoT,0.0,1.0,0.992,0.0,17,,,0.345
energy_crisis_2,CoT,0.0,1.0,0.992,0.0,17,,,0.345
energy_crisis_2,CoT,0.0,1.0,0.992,0.0,17,,,0.345
energy_crisis_2,ToT,0.1,0.9,1.0,0.0,15,,,0.345
energy_crisis_2,ToT,0.1,0.9,1.0,0.0,15,,,0.345
energy_crisis_2,ToT,0.1,0.9,1.0,0.0,15,,,0.345
energy_crisis_2,GoT,0.0,1.0,1.0,0.0,14,,,0.345
energy_crisis_2,GoT,0.0,1.0,1.0,0.0,14,,,0.345
energy_crisis_2,GoT,0.0,1.0,1.0,0.0,14,,,0.345
energy_crisis_2,ReAct,0.1,0.9,0.985,0.0,16,,,0.345
energy_crisis_2,ReAct,0.1,0.9,0.985,0.0,16,,,0.345
energy_crisis_2,ReAct,0.1,0.9,0.985,0.0,16,,,0.345
energy_crisis_2,CPPTAI,0.2,0.8,0.995,0.001,84,0.849,3,0.345
energy_crisis_2,CPPTAI,0.2,0.8,0.995,0.001,84,0.849,3,0.345
energy_crisis_2,CPPTAI,0.2,0.8,0.995,0.001,84,0.849,3,0.345
energy_crisis_2,CPPTAI_no_IV,0.0,1.0,1.0,0.001,8,0.853,3,0.345
energy_crisis_2,CPPTAI_no_IV,0.0,1.0,1.0,0.001,8,0.853,3,0.345
energy_crisis_2,CPPTAI_no_IV,0.0,1.0,1.0,0.001,8,0.853,3,0.345
energy_crisis_2,CPPTAI_no_I,0.2,0.8,0.995,0.001,84,0.849,3,0.345
energy_crisis_2,CPPTAI_no_I,0.2,0.8,0.995,0.001,84,0.849,3,0.345
energy_crisis_2,CPPTAI_no_I,0.2,0.8,0.995,0.001,84,0.849,3,0.345
energy_crisis_3,CoT,0.0,1.0,0.992,0.0,17,,,0.345
energy_crisis_3,CoT,0.0,1.0,0.992,0.0,17,,,0.345
energy_crisis_3,CoT,0.0,1.0,0.992,0.0,17,,,0.345
energy_crisis_3,ToT,0.1,0.9,1.0,0.0,15,,,0.345
energy_crisis_3,ToT,0.1,0.9,1.0,0.0,15,,,0.345
energy_crisis_3,ToT,0.1,0.9,1.0,0.0,15,,,0.345
energy_crisis_3,GoT,0.0,1.0,1.0,0.0,14,,,0.345
energy_crisis_3,GoT,0.0,1.0,1.0,0.0,14,,,0.345
energy_crisis_3,GoT,0.0,1.0,1.0,0.0,14,,,0.345
energy_crisis_3,ReAct,0.1,0.9,0.985,0.0,16,,,0.345
energy_crisis_3,ReAct,0.1,0.9,0.985,0.0,16,,,0.345
energy_crisis_3,ReAct,0.1,0.9,0.985,0.0,16,,,0.345
energy_crisis_3,CPPTAI,0.2,0.8,0.995,0.001,84,0.849,3,0.345
energy_crisis_3,CPPTAI,0.2,0.8,0.995,0.001,84,0.849,3,0.345
energy_crisis_3,CPPTAI,0.2,0.8,0.995,0.001,84,0.849,3,0.345
energy_crisis_3,CPPTAI_no_IV,0.0,1.0,1.0,0.001,8,0.853,3,0.345
energy_crisis_3,CPPTAI_no_IV,0.0,1.0,1.0,0.002,8,0.853,3,0.345
energy_crisis_3,CPPTAI_no_IV,0.0,1.0,1.0,0.001,8,0.853,3,0.345
energy_crisis_3,CPPTAI_no_I,0.2,0.8,0.995,0.001,84,0.849,3,0.345
energy_crisis_3,CPPTAI_no_I,0.2,0.8,0.995,0.001,84,0.849,3,0.345
energy_crisis_3,CPPTAI_no_I,0.2,0.8,0.995,0.001,84,0.849,3,0.345
energy_crisis_4,CoT,0.0,1.0,0.992,0.0,17,,,0.368
energy_crisis_4,CoT,0.0,1.0,0.992,0.0,17,,,0.368
energy_crisis_4,CoT,0.0,1.0,0.992,0.0,17,,,0.368
energy_crisis_4,ToT,0.1,0.9,1.0,0.0,15,,,0.368
energy_crisis_4,ToT,0.1,0.9,1.0,0.0,15,,,0.368
energy_crisis_4,ToT,0.1,0.9,1.0,0.0,15,,,0.368
energy_crisis_4,GoT,0.0,1.0,1.0,0.0,14,,,0.368
energy_crisis_4,GoT,0.0,1.0,1.0,0.0,14,,,0.368
energy_crisis_4,GoT,0.0,1.0,1.0,0.0,14,,,0.368
energy_crisis_4,ReAct,0.1,0.9,0.985,0.0,16,,,0.368
energy_crisis_4,ReAct,0.1,0.9,0.985,0.0,16,,,0.368
energy_crisis_4,ReAct,0.1,0.9,0.985,0.0,16,,,0.368
energy_crisis_4,CPPTAI,0.3,0.7,0.996,0.001,92,0.841,3,0.368
energy_crisis_4,CPPTAI,0.3,0.7,0.996,0.001,92,0.841,3,0.368
energy_crisis_4,CPPTAI,0.3,0.7,0.996,0.001,92,0.841,3,0.368
energy_crisis_4,CPPTAI_no_IV,0.0,1.0,1.0,0.001,8,0.853,3,0.368
energy_crisis_4,CPPTAI_no_IV,0.0,1.0,1.0,0.001,8,0.853,3,0.368
energy_crisis_4,CPPTAI_no_IV,0.0,1.0,1.0,0.001,8,0.853,3,0.368
energy_crisis_4,CPPTAI_no_I,0.3,0.7,0.996,0.001,92,0.841,3,0.368
energy_crisis_4,CPPTAI_no_I,0.3,0.7,0.996,0.001,92,0.841,3,0.368
energy_crisis_4,CPPTAI_no_I,0.3,0.7,0.996,0.001,92,0.841,3,0.368
energy_crisis_5,CoT,0.0,1.0,0.992,0.0,17,,,0.368
energy_crisis_5,CoT,0.0,1.0,0.992,0.0,17,,,0.368
energy_crisis_5,CoT,0.0,1.0,0.992,0.0,17,,,0.368
energy_crisis_5,ToT,0.1,0.9,1.0,0.0,15,,,0.368
energy_crisis_5,ToT,0.1,0.9,1.0,0.0,15,,,0.368
energy_crisis_5,ToT,0.1,0.9,1.0,0.0,15,,,0.368
energy_crisis_5,GoT,0.0,1.0,1.0,0.0,14,,,0.368
energy_crisis_5,GoT,0.0,1.0,1.0,0.0,14,,,0.368
energy_crisis_5,GoT,0.0,1.0,1.0,0.0,14,,,0.368
energy_crisis_5,ReAct,0.1,0.9,0.985,0.0,16,,,0.368
energy_crisis_5,ReAct,0.1,0.9,0.985,0.0,16,,,0.368
energy_crisis_5,ReAct,0.1,0.9,0.985,0.0,16,,,0.368
energy_crisis_5,CPPTAI,0.3,0.7,0.996,0.001,92,0.841,3,0.368
energy_crisis_5,CPPTAI,0.3,0.7,0.996,0.001,92,0.841,3,0.368
energy_crisis_5,CPPTAI,0.3,0.7,0.996,0.001,92,0.841,3,0.368
energy_crisis_5,CPPTAI_no_IV,0.0,1.0,1.0,0.001,8,0.853,3,0.368
energy_crisis_5,CPPTAI_no_IV,0.0,1.0,1.0,0.001,8,0.853,3,0.368
energy_crisis_5,CPPTAI_no_IV,0.0,1.0,1.0,0.001,8,0.853,3,0.368
energy_crisis_5,CPPTAI_no_I,0.3,0.7,0.996,0.001,92,0.841,3,0.368
energy_crisis_5,CPPTAI_no_I,0.3,0.7,0.996,0.001,92,0.841,3,0.368
energy_crisis_5,CPPTAI_no_I,0.3,0.7,0.996,0.001,92,0.841,3,0.368
energy_crisis_6,CoT,0.0,1.0,0.992,0.0,17,,,0.368
energy_crisis_6,CoT,0.0,1.0,0.992,0.0,17,,,0.368
energy_crisis_6,CoT,0.0,1.0,0.992,0.0,17,,,0.368
energy_crisis_6,ToT,0.1,0.9,1.0,0.0,15,,,0.368
energy_crisis_6,ToT,0.1,0.9,1.0,0.0,15,,,0.368
energy_crisis_6,ToT,0.1,0.9,1.0,0.0,15,,,0.368
energy_crisis_6,GoT,0.0,1.0,1.0,0.0,14,,,0.368
energy_crisis_6,GoT,0.0,1.0,1.0,0.0,14,,,0.368
energy_crisis_6,GoT,0.0,1.0,1.0,0.0,14,,,0.368
energy_crisis_6,ReAct,0.1,0.9,0.985,0.0,16,,,0.368
energy_crisis_6,ReAct,0.1,0.9,0.985,0.0,16,,,0.368
energy_crisis_6,ReAct,0.1,0.9,0.985,0.0,16,,,0.368
energy_crisis_6,CPPTAI,0.3,0.7,0.996,0.001,92,0.841,3,0.368
energy_crisis_6,CPPTAI,0.3,0.7,0.996,0.002,92,0.841,3,0.368
energy_crisis_6,CPPTAI,0.3,0.7,0.996,0.002,92,0.841,3,0.368
energy_crisis_6,CPPTAI_no_IV,0.0,1.0,1.0,0.001,8,0.853,3,0.368
energy_crisis_6,CPPTAI_no_IV,0.0,1.0,1.0,0.001,8,0.853,3,0.368
energy_crisis_6,CPPTAI_no_IV,0.0,1.0,1.0,0.001,8,0.853,3,0.368
energy_crisis_6,CPPTAI_no_I,0.3,0.7,0.996,0.001,92,0.841,3,0.368
energy_crisis_6,CPPTAI_no_I,0.3,0.7,0.996,0.001,92,0.841,3,0.368
energy_crisis_6,CPPTAI_no_I,0.3,0.7,0.996,0.001,92,0.841,3,0.368
energy_crisis_7,CoT,0.0,1.0,0.992,0.0,17,,,0.356
energy_crisis_7,CoT,0.0,1.0,0.992,0.0,17,,,0.356
energy_crisis_7,CoT,0.0,1.0,0.992,0.0,17,,,0.356
energy_crisis_7,ToT,0.1,0.9,1.0,0.0,15,,,0.356
energy_crisis_7,ToT,0.1,0.9,1.0,0.0,15,,,0.356
energy_crisis_7,ToT,0.1,0.9,1.0,0.0,15,,,0.356
energy_crisis_7,GoT,0.0,1.0,1.0,0.0,14,,,0.356
energy_crisis_7,GoT,0.0,1.0,1.0,0.0,14,,,0.356
energy_crisis_7,GoT,0.0,1.0,1.0,0.0,14,,,0.356
energy_crisis_7,ReAct,0.1,0.9,0.985,0.0,16,,,0.356
energy_crisis_7,ReAct,0.1,0.9,0.985,0.0,16,,,0.356
energy_crisis_7,ReAct,0.1,0.9,0.985,0.0,16,,,0.356
energy_crisis_7,CPPTAI,0.2,0.8,0.995,0.002,84,0.849,3,0.356
energy_crisis_7,CPPTAI,0.2,0.8,0.995,0.002,84,0.849,3,0.356
energy_crisis_7,CPPTAI,0.2,0.8,0.995,0.002,84,0.849,3,0.356
energy_crisis_7,CPPTAI_no_IV,0.0,1.0,1.0,0.001,8,0.853,3,0.356
energy_crisis_7,CPPTAI_no_IV,0.0,1.0,1.0,0.002,8,0.853,3,0.356
energy_crisis_7,CPPTAI_no_IV,0.0,1.0,1.0,0.001,8,0.853,3,0.356
energy_crisis_7,CPPTAI_no_I,0.2,0.8,0.995,0.001,84,0.849,3,0.356
energy_crisis_7,CPPTAI_no_I,0.2,0.8,0.995,0.001,84,0.849,3,0.356
energy_crisis_7,CPPTAI_no_I,0.2,0.8,0.995,0.001,84,0.849,3,0.356
energy_crisis_8,CoT,0.0,1.0,0.992,0.0,17,,,0.356
energy_crisis_8,CoT,0.0,1.0,0.992,0.0,17,,,0.356
energy_crisis_8,CoT,0.0,1.0,0.992,0.0,17,,,0.356
energy_crisis_8,ToT,0.1,0.9,1.0,0.0,15,,,0.356
energy_crisis_8,ToT,0.1,0.9,1.0,0.0,15,,,0.356
energy_crisis_8,ToT,0.1,0.9,1.0,0.0,15,,,0.356
energy_crisis_8,GoT,0.0,1.0,1.0,0.0,14,,,0.356
energy_crisis_8,GoT,0.0,1.0,1.0,0.0,14,,,0.356
energy_crisis_8,GoT,0.0,1.0,1.0,0.0,14,,,0.356
energy_crisis_8,ReAct,0.1,0.9,0.985,0.0,16,,,0.356
energy_crisis_8,ReAct,0.1,0.9,0.985,0.0,16,,,0.356
energy_crisis_8,ReAct,0.1,0.9,0.985,0.0,16,,,0.356
energy_crisis_8,CPPTAI,0.2,0.8,0.995,0.002,84,0.849,3,0.356
energy_crisis_8,CPPTAI,0.2,0.8,0.995,0.002,84,0.849,3,0.356
energy_crisis_8,CPPTAI,0.2,0.8,0.995,0.002,84,0.849,3,0.356
energy_crisis_8,CPPTAI_no_IV,0.0,1.0,1.0,0.001,8,0.853,3,0.356
energy_crisis_8,CPPTAI_no_IV,0.0,1.0,1.0,0.001,8,0.853,3,0.356
energy_crisis_8,CPPTAI_no_IV,0.0,1.0,1.0,0.002,8,0.853,3,0.356
energy_crisis_8,CPPTAI_no_I,0.2,0.8,0.995,0.001,84,0.849,3,0.356
energy_crisis_8,CPPTAI_no_I,0.2,0.8,0.995,0.001,84,0.849,3,0.356
energy_crisis_8,CPPTAI_no_I,0.2,0.8,0.995,0.001,84,0.849,3,0.356
energy_crisis_9,CoT,0.0,1.0,0.992,0.0,17,,,0.356
energy_crisis_9,CoT,0.0,1.0,0.992,0.0,17,,,0.356
energy_crisis_9,CoT,0.0,1.0,0.992,0.0,17,,,0.356
energy_crisis_9,ToT,0.1,0.9,1.0,0.0,15,,,0.356
energy_crisis_9,ToT,0.1,0.9,1.0,0.0,15,,,0.356
energy_crisis_9,ToT,0.1,0.9,1.0,0.0,15,,,0.356
energy_crisis_9,GoT,0.0,1.0,1.0,0.0,14,,,0.356
energy_crisis_9,GoT,0.0,1.0,1.0,0.0,14,,,0.356
energy_crisis_9,GoT,0.0,1.0,1.0,0.0,14,,,0.356
energy_crisis_9,ReAct,0.1,0.9,0.985,0.0,16,,,0.356
energy_crisis_9,ReAct,0.1,0.9,0.985,0.0,16,,,0.356
energy_crisis_9,ReAct,0.1,0.9,0.985,0.0,16,,,0.356
energy_crisis_9,CPPTAI,0.2,0.8,0.995,0.002,84,0.849,3,0.356
energy_crisis_9,CPPTAI,0.2,0.8,0.995,0.002,84,0.849,3,0.356
energy_crisis_9,CPPTAI,0.2,0.8,0.995,0.002,84,0.849,3,0.356
energy_crisis_9,CPPTAI_no_IV,0.0,1.0,1.0,0.002,8,0.853,3,0.356
energy_crisis_9,CPPTAI_no_IV,0.0,1.0,1.0,0.002,8,0.853,3,0.356
energy_crisis_9,CPPTAI_no_IV,0.0,1.0,1.0,0.002,8,0.853,3,0.356
energy_crisis_9,CPPTAI_no_I,0.2,0.8,0.995,0.001,84,0.849,3,0.356
energy_crisis_9,CPPTAI_no_I,0.2,0.8,0.995,0.002,84,0.849,3,0.356
energy_crisis_9,CPPTAI_no_I,0.2,0.8,0.995,0.001,84,0.849,3,0.356
energy_crisis_10,CoT,0.0,1.0,0.992,0.0,17,,,0.345
energy_crisis_10,CoT,0.0,1.0,0.992,0.0,17,,,0.345
energy_crisis_10,CoT,0.0,1.0,0.992,0.0,17,,,0.345
energy_crisis_10,ToT,0.1,0.9,1.0,0.0,15,,,0.345
energy_crisis_10,ToT,0.1,0.9,1.0,0.0,15,,,0.345
energy_crisis_10,ToT,0.1,0.9,1.0,0.0,15,,,0.345
energy_crisis_10,GoT,0.0,1.0,1.0,0.0,14,,,0.345
energy_crisis_10,GoT,0.0,1.0,1.0,0.0,14,,,0.345
energy_crisis_10,GoT,0.0,1.0,1.0,0.0,14,,,0.345
energy_crisis_10,ReAct,0.1,0.9,0.985,0.0,16,,,0.345
energy_crisis_10,ReAct,0.1,0.9,0.985,0.0,16,,,0.345
energy_crisis_10,ReAct,0.1,0.9,0.985,0.0,16,,,0.345
energy_crisis_10,CPPTAI,0.2,0.8,0.995,0.002,84,0.849,3,0.345
energy_crisis_10,CPPTAI,0.2,0.8,0.995,0.002,84,0.849,3,0.345
energy_crisis_10,CPPTAI,0.2,0.8,0.995,0.002,84,0.849,3,0.345
energy_crisis_10,CPPTAI_no_IV,0.0,1.0,1.0,0.002,8,0.853,3,0.345
energy_crisis_10,CPPTAI_no_IV,0.0,1.0,1.0,0.002,8,0.853,3,0.345
energy_crisis_10,CPPTAI_no_IV,0.0,1.0,1.0,0.002,8,0.853,3,0.345
energy_crisis_10,CPPTAI_no_I,0.2,0.8,0.995,0.001,84,0.849,3,0.345
energy_crisis_10,CPPTAI_no_I,0.2,0.8,0.995,0.001,84,0.849,3,0.345
energy_crisis_10,CPPTAI_no_I,0.2,0.8,0.995,0.001,84,0.849,3,0.345
energy_crisis_11,CoT,0.0,1.0,0.992,0.0,17,,,0.345
energy_crisis_11,CoT,0.0,1.0,0.992,0.0,17,,,0.345
energy_crisis_11,CoT,0.0,1.0,0.992,0.0,17,,,0.345
energy_crisis_11,ToT,0.1,0.9,1.0,0.0,15,,,0.345
energy_crisis_11,ToT,0.1,0.9,1.0,0.0,15,,,0.345
energy_crisis_11,ToT,0.1,0.9,1.0,0.0,15,,,0.345
energy_crisis_11,GoT,0.0,1.0,1.0,0.0,14,,,0.345
energy_crisis_11,GoT,0.0,1.0,1.0,0.0,14,,,0.345
energy_crisis_11,GoT,0.0,1.0,1.0,0.0,14,,,0.345
energy_crisis_11,ReAct,0.1,0.9,0.985,0.0,16,,,0.345
energy_crisis_11,ReAct,0.1,0.9,0.985,0.0,16,,,0.345
energy_crisis_11,ReAct,0.1,0.9,0.985,0.0,16,,,0.345
energy_crisis_11,CPPTAI,0.2,0.8,0.995,0.002,84,0.849,3,0.345
energy_crisis_11,CPPTAI,0.2,0.8,0.995,0.002,84,0.849,3,0.345
energy_crisis_11,CPPTAI,0.2,0.8,0.995,0.002,84,0.849,3,0.345
energy_crisis_11,CPPTAI_no_IV,0.0,1.0,1.0,0.002,8,0.853,3,0.345
energy_crisis_11,CPPTAI_no_IV,0.0,1.0,1.0,0.002,8,0.853,3,0.345
energy_crisis_11,CPPTAI_no_IV,0.0,1.0,1.0,0.002,8,0.853,3,0.345
energy_crisis_11,CPPTAI_no_I,0.2,0.8,0.995,0.001,84,0.849,3,0.345
energy_crisis_11,CPPTAI_no_I,0.2,0.8,0.995,0.001,84,0.849,3,0.345
energy_crisis_11,CPPTAI_no_I,0.2,0.8,0.995,0.001,84,0.849,3,0.345
energy_crisis_12,CoT,0.0,1.0,0.992,0.0,17,,,0.345
energy_crisis_12,CoT,0.0,1.0,0.992,0.0,17,,,0.345
energy_crisis_12,CoT,0.0,1.0,0.992,0.0,17,,,0.345
energy_crisis_12,ToT,0.1,0.9,1.0,0.0,15,,,0.345
energy_crisis_12,ToT,0.1,0.9,1.0,0.0,15,,,0.345
energy_crisis_12,ToT,0.1,0.9,1.0,0.0,15,,,0.345
energy_crisis_12,GoT,0.0,1.0,1.0,0.0,14,,,0.345
energy_crisis_12,GoT,0.0,1.0,1.0,0.0,14,,,0.345
energy_crisis_12,GoT,0.0,1.0,1.0,0.0,14,,,0.345
energy_crisis_12,ReAct,0.1,0.9,0.985,0.0,16,,,0.345
energy_crisis_12,ReAct,0.1,0.9,0.985,0.0,16,,,0.345
energy_crisis_12,ReAct,0.1,0.9,0.985,0.0,16,,,0.345
energy_crisis_12,CPPTAI,0.2,0.8,0.995,0.002,84,0.849,3,0.345
energy_crisis_12,CPPTAI,0.2,0.8,0.995,0.002,84,0.849,3,0.345
energy_crisis_12,CPPTAI,0.2,0.8,0.995,0.002,84,0.849,3,0.345
energy_crisis_12,CPPTAI_no_IV,0.0,1.0,1.0,0.002,8,0.853,3,0.345
energy_crisis_12,CPPTAI_no_IV,0.0,1.0,1.0,0.002,8,0.853,3,0.345
energy_crisis_12,CPPTAI_no_IV,0.0,1.0,1.0,0.002,8,0.853,3,0.345
energy_crisis_12,CPPTAI_no_I,0.2,0.8,0.995,0.001,84,0.849,3,0.345
energy_crisis_12,CPPTAI_no_I,0.2,0.8,0.995,0.001,84,0.849,3,0.345
energy_crisis_12,CPPTAI_no_I,0.2,0.8,0.995,0.001,84,0.849,3,0.345
energy_crisis_13,CoT,0.0,1.0,0.992,0.0,17,,,0.368
energy_crisis_13,CoT,0.0,1.0,0.992,0.0,17,,,0.368
energy_crisis_13,CoT,0.0,1.0,0.992,0.0,17,,,0.368
energy_crisis_13,ToT,0.1,0.9,1.0,0.0,15,,,0.368
energy_crisis_13,ToT,0.1,0.9,1.0,0.0,15,,,0.368
energy_crisis_13,ToT,0.1,0.9,1.0,0.0,15,,,0.368
energy_crisis_13,GoT,0.0,1.0,1.0,0.0,14,,,0.368
energy_crisis_13,GoT,0.0,1.0,1.0,0.0,14,,,0.368
energy_crisis_13,GoT,0.0,1.0,1.0,0.0,14,,,0.368
energy_crisis_13,ReAct,0.1,0.9,0.985,0.0,16,,,0.368
energy_crisis_13,ReAct,0.1,0.9,0.985,0.0,16,,,0.368
energy_crisis_13,ReAct,0.1,0.9,0.985,0.0,16,,,0.368
energy_crisis_13,CPPTAI,0.3,0.7,0.996,0.003,92,0.842,3,0.368
energy_crisis_13,CPPTAI,0.3,0.7,0.996,0.003,92,0.842,3,0.368
energy_crisis_13,CPPTAI,0.3,0.7,0.996,0.002,92,0.842,3,0.368
energy_crisis_13,CPPTAI_no_IV,0.0,1.0,1.0,0.003,8,0.853,3,0.368
energy_crisis_13,CPPTAI_no_IV,0.0,1.0,1.0,0.002,8,0.853,3,0.368
energy_crisis_13,CPPTAI_no_IV,0.0,1.0,1.0,0.003,8,0.853,3,0.368
energy_crisis_13,CPPTAI_no_I,0.3,0.7,0.996,0.001,92,0.842,3,0.368
energy_crisis_13,CPPTAI_no_I,0.3,0.7,0.996,0.001,92,0.842,3,0.368
energy_crisis_13,CPPTAI_no_I,0.3,0.7,0.996,0.001,92,0.842,3,0.368
energy_crisis_14,CoT,0.0,1.0,0.992,0.0,17,,,0.368
energy_crisis_14,CoT,0.0,1.0,0.992,0.0,17,,,0.368
energy_crisis_14,CoT,0.0,1.0,0.992,0.0,17,,,0.368
energy_crisis_14,ToT,0.1,0.9,1.0,0.0,15,,,0.368
energy_crisis_14,ToT,0.1,0.9,1.0,0.0,15,,,0.368
energy_crisis_14,ToT,0.1,0.9,1.0,0.0,15,,,0.368
energy_crisis_14,GoT,0.0,1.0,1.0,0.0,14,,,0.368
energy_crisis_14,GoT,0.0,1.0,1.0,0.0,14,,,0.368
energy_crisis_14,GoT,0.0,1.0,1.0,0.0,14,,,0.368
energy_crisis_14,ReAct,0.1,0.9,0.985,0.0,16,,,0.368
energy_crisis_14,ReAct,0.1,0.9,0.985,0.0,16,,,0.368
energy_crisis_14,ReAct,0.1,0.9,0.985,0.0,16,,,0.368
energy_crisis_14,CPPTAI,0.3,0.7,0.996,0.003,92,0.842,3,0.368
energy_crisis_14,CPPTAI,0.3,0.7,0.996,0.003,92,0.842,3,0.368
energy_crisis_14,CPPTAI,0.3,0.7,0.996,0.003,92,0.842,3,0.368
energy_crisis_14,CPPTAI_no_IV,0.0,1.0,1.0,0.003,8,0.853,3,0.368
energy_crisis_14,CPPTAI_no_IV,0.0,1.0,1.0,0.003,8,0.853,3,0.368
energy_crisis_14,CPPTAI_no_IV,0.0,1.0,1.0,0.003,8,0.853,3,0.368
energy_crisis_14,CPPTAI_no_I,0.3,0.7,0.996,0.001,92,0.842,3,0.368
energy_crisis_14,CPPTAI_no_I,0.3,0.7,0.996,0.001,92,0.842,3,0.368
energy_crisis_14,CPPTAI_no_I,0.3,0.7,0.996,0.001,92,0.842,3,0.368
energy_crisis_15,CoT,0.0,1.0,0.992,0.0,17,,,0.368
energy_crisis_15,CoT,0.0,1.0,0.992,0.0,17,,,0.368
energy_crisis_15,CoT,0.0,1.0,0.992,0.0,17,,,0.368
energy_crisis_15,ToT,0.1,0.9,1.0,0.0,15,,,0.368
energy_crisis_15,ToT,0.1,0.9,1.0,0.0,15,,,0.368
energy_crisis_15,ToT,0.1,0.9,1.0,0.0,15,,,0.368
energy_crisis_15,GoT,0.0,1.0,1.0,0.0,14,,,0.368
energy_crisis_15,GoT,0.0,1.0,1.0,0.0,14,,,0.368
energy_crisis_15,GoT,0.0,1.0,1.0,0.0,14,,,0.368
energy_crisis_15,ReAct,0.1,0.9,0.985,0.0,16,,,0.368
energy_crisis_15,ReAct,0.1,0.9,0.985,0.0,16,,,0.368
energy_crisis_15,ReAct,0.1,0.9,0.985,0.0,16,,,0.368
energy_crisis_15,CPPTAI,0.3,0.7,0.996,0.003,92,0.842,3,0.368
energy_crisis_15,CPPTAI,0.3,0.7,0.996,0.003,92,0.842,3,0.368
energy_crisis_15,CPPTAI,0.3,0.7,0.996,0.003,92,0.842,3,0.368
energy_crisis_15,CPPTAI_no_IV,0.0,1.0,1.0,0.002,8,0.853,3,0.368
energy_crisis_15,CPPTAI_no_IV,0.0,1.0,1.0,0.002,8,0.853,3,0.368
energy_crisis_15,CPPTAI_no_IV,0.0,1.0,1.0,0.003,8,0.853,3,0.368
energy_crisis_15,CPPTAI_no_I,0.3,0.7,0.996,0.001,92,0.842,3,0.368
energy_crisis_15,CPPTAI_no_I,0.3,0.7,0.996,0.001,92,0.842,3,0.368
energy_crisis_15,CPPTAI_no_I,0.3,0.7,0.996,0.001,92,0.842,3,0.368
energy_crisis_16,CoT,0.0,1.0,0.992,0.0,17,,,0.356
energy_crisis_16,CoT,0.0,1.0,0.992,0.0,17,,,0.356
energy_crisis_16,CoT,0.0,1.0,0.992,0.0,17,,,0.356
energy_crisis_16,ToT,0.1,0.9,1.0,0.0,15,,,0.356
energy_crisis_16,ToT,0.1,0.9,1.0,0.0,15,,,0.356
energy_crisis_16,ToT,0.1,0.9,1.0,0.0,15,,,0.356
energy_crisis_16,GoT,0.0,1.0,1.0,0.0,14,,,0.356
energy_crisis_16,GoT,0.0,1.0,1.0,0.0,14,,,0.356
energy_crisis_16,GoT,0.0,1.0,1.0,0.0,14,,,0.356
energy_crisis_16,ReAct,0.1,0.9,0.985,0.0,16,,,0.356
energy_crisis_16,ReAct,0.1,0.9,0.985,0.0,16,,,0.356
energy_crisis_16,ReAct,0.1,0.9,0.985,0.0,16,,,0.356
energy_crisis_16,CPPTAI,0.2,0.8,0.995,0.004,84,0.849,3,0.356
energy_crisis_16,CPPTAI,0.2,0.8,0.995,0.003,84,0.849,3,0.356
energy_crisis_16,CPPTAI,0.2,0.8,0.995,0.003,84,0.849,3,0.356
energy_crisis_16,CPPTAI_no_IV,0.0,1.0,1.0,0.002,8,0.853,3,0.356
energy_crisis_16,CPPTAI_no_IV,0.0,1.0,1.0,0.003,8,0.853,3,0.356
energy_crisis_16,CPPTAI_no_IV,0.0,1.0,1.0,0.002,8,0.853,3,0.356
energy_crisis_16,CPPTAI_no_I,0.2,0.8,0.995,0.001,84,0.849,3,0.356
energy_crisis_16,CPPTAI_no_I,0.2,0.8,0.995,0.001,84,0.849,3,0.356
energy_crisis_16,CPPTAI_no_I,0.2,0.8,0.995,0.001,84,0.849,3,0.356
energy_crisis_17,CoT,0.0,1.0,0.992,0.0,17,,,0.356
energy_crisis_17,CoT,0.0,1.0,0.992,0.0,17,,,0.356
energy_crisis_17,CoT,0.0,1.0,0.992,0.0,17,,,0.356
energy_crisis_17,ToT,0.1,0.9,1.0,0.0,15,,,0.356
energy_crisis_17,ToT,0.1,0.9,1.0,0.0,15,,,0.356
energy_crisis_17,ToT,0.1,0.9,1.0,0.0,15,,,0.356
energy_crisis_17,GoT,0.0,1.0,1.0,0.0,14,,,0.356
energy_crisis_17,GoT,0.0,1.0,1.0,0.0,14,,,0.356
energy_crisis_17,GoT,0.0,1.0,1.0,0.0,14,,,0.356
energy_crisis_17,ReAct,0.1,0.9,0.985,0.0,16,,,0.356
energy_crisis_17,ReAct,0.1,0.9,0.985,0.0,16,,,0.356
energy_crisis_17,ReAct,0.1,0.9,0.985,0.0,16,,,0.356
energy_crisis_17,CPPTAI,0.2,0.8,0.995,0.003,84,0.849,3,0.356
energy_crisis_17,CPPTAI,0.2,0.8,0.995,0.003,84,0.849,3,0.356
energy_crisis_17,CPPTAI,0.2,0.8,0.995,0.003,84,0.849,3,0.356
energy_crisis_17,CPPTAI_no_IV,0.0,1.0,1.0,0.002,8,0.853,3,0.356
energy_crisis_17,CPPTAI_no_IV,0.0,1.0,1.0,0.003,8,0.853,3,0.356
energy_crisis_17,CPPTAI_no_IV,0.0,1.0,1.0,0.003,8,0.853,3,0.356
energy_crisis_17,CPPTAI_no_I,0.2,0.8,0.995,0.001,84,0.849,3,0.356
energy_crisis_17,CPPTAI_no_I,0.2,0.8,0.995,0.001,84,0.849,3,0.356
energy_crisis_17,CPPTAI_no_I,0.2,0.8,0.995,0.001,84,0.849,3,0.356
energy_crisis_18,CoT,0.0,1.0,0.992,0.0,17,,,0.356
energy_crisis_18,CoT,0.0,1.0,0.992,0.0,17,,,0.356
energy_crisis_18,CoT,0.0,1.0,0.992,0.0,17,,,0.356
energy_crisis_18,ToT,0.1,0.9,1.0,0.0,15,,,0.356
energy_crisis_18,ToT,0.1,0.9,1.0,0.0,15,,,0.356
energy_crisis_18,ToT,0.1,0.9,1.0,0.0,15,,,0.356
energy_crisis_18,GoT,0.0,1.0,1.0,0.0,14,,,0.356
energy_crisis_18,GoT,0.0,1.0,1.0,0.0,14,,,0.356
energy_crisis_18,GoT,0.0,1.0,1.0,0.0,14,,,0.356
energy_crisis_18,ReAct,0.1,0.9,0.985,0.0,16,,,0.356
energy_crisis_18,ReAct,0.1,0.9,0.985,0.0,16,,,0.356
energy_crisis_18,ReAct,0.1,0.9,0.985,0.0,16,,,0.356
energy_crisis_18,CPPTAI,0.2,0.8,0.995,0.003,84,0.849,3,0.356
energy_crisis_18,CPPTAI,0.2,0.8,0.995,0.003,84,0.849,3,0.356
energy_crisis_18,CPPTAI,0.2,0.8,0.995,0.003,84,0.849,3,0.356
energy_crisis_18,CPPTAI_no_IV,0.0,1.0,1.0,0.003,8,0.853,3,0.356
energy_crisis_18,CPPTAI_no_IV,0.0,1.0,1.0,0.003,8,0.853,3,0.356
energy_crisis_18,CPPTAI_no_IV,0.0,1.0,1.0,0.003,8,0.853,3,0.356
energy_crisis_18,CPPTAI_no_I,0.2,0.8,0.995,0.001,84,0.849,3,0.356
energy_crisis_18,CPPTAI_no_I,0.2,0.8,0.995,0.001,84,0.849,3,0.356
energy_crisis_18,CPPTAI_no_I,0.2,0.8,0.995,0.001,84,0.849,3,0.356
energy_crisis_19,CoT,0.0,1.0,0.992,0.0,17,,,0.345
energy_crisis_19,CoT,0.0,1.0,0.992,0.0,17,,,0.345
energy_crisis_19,CoT,0.0,1.0,0.992,0.0,17,,,0.345
energy_crisis_19,ToT,0.1,0.9,1.0,0.0,15,,,0.345
energy_crisis_19,ToT,0.1,0.9,1.0,0.0,15,,,0.345
energy_crisis_19,ToT,0.1,0.9,1.0,0.0,15,,,0.345
energy_crisis_19,GoT,0.0,1.0,1.0,0.0,14,,,0.345
energy_crisis_19,GoT,0.0,1.0,1.0,0.0,14,,,0.345
energy_crisis_19,GoT,0.0,1.0,1.0,0.0,14,,,0.345
energy_crisis_19,ReAct,0.1,0.9,0.985,0.0,16,,,0.345
energy_crisis_19,ReAct,0.1,0.9,0.985,0.0,16,,,0.345
energy_crisis_19,ReAct,0.1,0.9,0.985,0.0,16,,,0.345
energy_crisis_19,CPPTAI,0.2,0.8,0.995,0.003,84,0.851,3,0.345
energy_crisis_19,CPPTAI,0.2,0.8,0.995,0.003,84,0.851,3,0.345
energy_crisis_19,CPPTAI,0.2,0.8,0.995,0.004,84,0.851,3,0.345
energy_crisis_19,CPPTAI_no_IV,0.0,1.0,1.0,0.003,8,0.853,3,0.345
energy_crisis_19,CPPTAI_no_IV,0.0,1.0,1.0,0.003,8,0.853,3,0.345
energy_crisis_19,CPPTAI_no_IV,0.0,1.0,1.0,0.003,8,0.853,3,0.345
energy_crisis_19,CPPTAI_no_I,0.2,0.8,0.995,0.001,84,0.851,3,0.345
energy_crisis_19,CPPTAI_no_I,0.2,0.8,0.995,0.001,84,0.851,3,0.345
energy_crisis_19,CPPTAI_no_I,0.2,0.8,0.995,0.001,84,0.851,3,0.345
energy_crisis_20,CoT,0.0,1.0,0.992,0.0,17,,,0.345
energy_crisis_20,CoT,0.0,1.0,0.992,0.0,17,,,0.345
energy_crisis_20,CoT,0.0,1.0,0.992,0.0,17,,,0.345
energy_crisis_20,ToT,0.1,0.9,1.0,0.0,15,,,0.345
energy_crisis_20,ToT,0.1,0.9,1.0,0.0,15,,,0.345
energy_crisis_20,ToT,0.1,0.9,1.0,0.0,15,,,0.345
energy_crisis_20,GoT,0.0,1.0,1.0,0.0,14,,,0.345
energy_crisis_20,GoT,0.0,1.0,1.0,0.0,14,,,0.345
energy_crisis_20,GoT,0.0,1.0,1.0,0.0,14,,,0.345
energy_crisis_20,ReAct,0.1,0.9,0.985,0.0,16,,,0.345
energy_crisis_20,ReAct,0.1,0.9,0.985,0.0,16,,,0.345
energy_crisis_20,ReAct,0.1,0.9,0.985,0.0,16,,,0.345
energy_crisis_20,CPPTAI,0.2,0.8,0.995,0.003,84,0.851,3,0.345
energy_crisis_20,CPPTAI,0.2,0.8,0.995,0.003,84,0.851,3,0.345
energy_crisis_20,CPPTAI,0.2,0.8,0.995,0.003,84,0.851,3,0.345
energy_crisis_20,CPPTAI_no_IV,0.0,1.0,1.0,0.003,8,0.853,3,0.345
energy_crisis_20,CPPTAI_no_IV,0.0,1.0,1.0,0.003,8,0.853,3,0.345
energy_crisis_20,CPPTAI_no_IV,0.0,1.0,1.0,0.003,8,0.853,3,0.345
energy_crisis_20,CPPTAI_no_I,0.2,0.8,0.995,0.001,84,0.851,3,0.345
energy_crisis_20,CPPTAI_no_I,0.2,0.8,0.995,0.001,84,0.851,3,0.345
energy_crisis_20,CPPTAI_no_I,0.2,0.8,0.995,0.001,84,0.851,3,0.345
energy_crisis_21,CoT,0.0,1.0,0.992,0.0,17,,,0.345
energy_crisis_21,CoT,0.0,1.0,0.992,0.0,17,,,0.345
energy_crisis_21,CoT,0.0,1.0,0.992,0.0,17,,,0.345
energy_crisis_21,ToT,0.1,0.9,1.0,0.0,15,,,0.345
energy_crisis_21,ToT,0.1,0.9,1.0,0.0,15,,,0.345
energy_crisis_21,ToT,0.1,0.9,1.0,0.0,15,,,0.345
energy_crisis_21,GoT,0.0,1.0,1.0,0.0,14,,,0.345
energy_crisis_21,GoT,0.0,1.0,1.0,0.0,14,,,0.345
energy_crisis_21,GoT,0.0,1.0,1.0,0.0,14,,,0.345
energy_crisis_21,ReAct,0.1,0.9,0.985,0.0,16,,,0.345
energy_crisis_21,ReAct,0.1,0.9,0.985,0.0,16,,,0.345
energy_crisis_21,ReAct,0.1,0.9,0.985,0.0,16,,,0.345
energy_crisis_21,CPPTAI,0.2,0.8,0.995,0.003,84,0.851,3,0.345
energy_crisis_21,CPPTAI,0.2,0.8,0.995,0.004,84,0.851,3,0.345
energy_crisis_21,CPPTAI,0.2,0.8,0.995,0.003,84,0.851,3,0.345
energy_crisis_21,CPPTAI_no_IV,0.0,1.0,1.0,0.003,8,0.853,3,0.345
energy_crisis_21,CPPTAI_no_IV,0.0,1.0,1.0,0.003,8,0.853,3,0.345
energy_crisis_21,CPPTAI_no_IV,0.0,1.0,1.0,0.003,8,0.853,3,0.345
energy_crisis_21,CPPTAI_no_I,0.2,0.8,0.995,0.002,84,0.851,3,0.345
energy_crisis_21,CPPTAI_no_I,0.2,0.8,0.995,0.001,84,0.851,3,0.345
energy_crisis_21,CPPTAI_no_I,0.2,0.8,0.995,0.002,84,0.851,3,0.345
energy_crisis_22,CoT,0.0,1.0,0.992,0.0,17,,,0.368
energy_crisis_22,CoT,0.0,1.0,0.992,0.0,17,,,0.368
energy_crisis_22,CoT,0.0,1.0,0.992,0.0,17,,,0.368
energy_crisis_22,ToT,0.1,0.9,1.0,0.0,15,,,0.368
energy_crisis_22,ToT,0.1,0.9,1.0,0.0,15,,,0.368
energy_crisis_22,ToT,0.1,0.9,1.0,0.0,15,,,0.368
energy_crisis_22,GoT,0.0,1.0,1.0,0.0,14,,,0.368
energy_crisis_22,GoT,0.0,1.0,1.0,0.0,14,,,0.368
energy_crisis_22,GoT,0.0,1.0,1.0,0.0,14,,,0.368
energy_crisis_22,ReAct,0.1,0.9,0.985,0.0,16,,,0.368
energy_crisis_22,ReAct,0.1,0.9,0.985,0.0,16,,,0.368
energy_crisis_22,ReAct,0.1,0.9,0.985,0.0,16,,,0.368
energy_crisis_22,CPPTAI,0.3,0.7,0.996,0.003,92,0.843,3,0.368
energy_crisis_22,CPPTAI,0.3,0.7,0.996,0.004,92,0.843,3,0.368
energy_crisis_22,CPPTAI,0.3,0.7,0.996,0.003,92,0.843,3,0.368
energy_crisis_22,CPPTAI_no_IV,0.0,1.0,1.0,0.003,8,0.853,3,0.368
energy_crisis_22,CPPTAI_no_IV,0.0,1.0,1.0,0.003,8,0.853,3,0.368
energy_crisis_22,CPPTAI_no_IV,0.0,1.0,1.0,0.003,8,0.853,3,0.368
energy_crisis_22,CPPTAI_no_I,0.3,0.7,0.996,0.001,92,0.843,3,0.368
energy_crisis_22,CPPTAI_no_I,0.3,0.7,0.996,0.001,92,0.843,3,0.368
energy_crisis_22,CPPTAI_no_I,0.3,0.7,0.996,0.001,92,0.843,3,0.368
energy_crisis_23,CoT,0.0,1.0,0.992,0.0,17,,,0.368
energy_crisis_23,CoT,0.0,1.0,0.992,0.0,17,,,0.368
energy_crisis_23,CoT,0.0,1.0,0.992,0.0,17,,,0.368
energy_crisis_23,ToT,0.1,0.9,1.0,0.0,15,,,0.368
energy_crisis_23,ToT,0.1,0.9,1.0,0.0,15,,,0.368
energy_crisis_23,ToT,0.1,0.9,1.0,0.0,15,,,0.368
energy_crisis_23,GoT,0.0,1.0,1.0,0.0,14,,,0.368
energy_crisis_23,GoT,0.0,1.0,1.0,0.0,14,,,0.368
energy_crisis_23,GoT,0.0,1.0,1.0,0.0,14,,,0.368
energy_crisis_23,ReAct,0.1,0.9,0.985,0.0,16,,,0.368
energy_crisis_23,ReAct,0.1,0.9,0.985,0.0,16,,,0.368
energy_crisis_23,ReAct,0.1,0.9,0.985,0.0,16,,,0.368
energy_crisis_23,CPPTAI,0.3,0.7,0.996,0.003,92,0.843,3,0.368
energy_crisis_23,CPPTAI,0.3,0.7,0.996,0.003,92,0.843,3,0.368
energy_crisis_23,CPPTAI,0.3,0.7,0.996,0.003,92,0.843,3,0.368
energy_crisis_23,CPPTAI_no_IV,0.0,1.0,1.0,0.003,8,0.853,3,0.368
energy_crisis_23,CPPTAI_no_IV,0.0,1.0,1.0,0.003,8,0.853,3,0.368
energy_crisis_23,CPPTAI_no_IV,0.0,1.0,1.0,0.003,8,0.853,3,0.368
energy_crisis_23,CPPTAI_no_I,0.3,0.7,0.996,0.001,92,0.843,3,0.368
energy_crisis_23,CPPTAI_no_I,0.3,0.7,0.996,0.002,92,0.843,3,0.368
energy_crisis_23,CPPTAI_no_I,0.3,0.7,0.996,0.002,92,0.843,3,0.368
energy_crisis_24,CoT,0.0,1.0,0.992,0.0,17,,,0.368
energy_crisis_24,CoT,0.0,1.0,0.992,0.0,17,,,0.368
energy_crisis_24,CoT,0.0,1.0,0.992,0.0,17,,,0.368
energy_crisis_24,ToT,0.1,0.9,1.0,0.0,15,,,0.368
energy_crisis_24,ToT,0.1,0.9,1.0,0.0,15,,,0.368
energy_crisis_24,ToT,0.1,0.9,1.0,0.0,15,,,0.368
energy_crisis_24,GoT,0.0,1.0,1.0,0.0,14,,,0.368
energy_crisis_24,GoT,0.0,1.0,1.0,0.0,14,,,0.368
energy_crisis_24,GoT,0.0,1.0,1.0,0.0,14,,,0.368
energy_crisis_24,ReAct,0.1,0.9,0.985,0.0,16,,,0.368
energy_crisis_24,ReAct,0.1,0.9,0.985,0.0,16,,,0.368
energy_crisis_24,ReAct,0.1,0.9,0.985,0.0,16,,,0.368
energy_crisis_24,CPPTAI,0.3,0.7,0.996,0.004,92,0.843,3,0.368
energy_crisis_24,CPPTAI,0.3,0.7,0.996,0.003,92,0.843,3,0.368
energy_crisis_24,CPPTAI,0.3,0.7,0.996,0.004,92,0.843,3,0.368
energy_crisis_24,CPPTAI_no_IV,0.0,1.0,1.0,0.004,8,0.853,3,0.368
energy_crisis_24,CPPTAI_no_IV,0.0,1.0,1.0,0.004,8,0.853,3,0.368
energy_crisis_24,CPPTAI_no_IV,0.0,1.0,1.0,0.003,8,0.853,3,0.368
energy_crisis_24,CPPTAI_no_I,0.3,0.7,0.996,0.001,92,0.843,3,0.368
energy_crisis_24,CPPTAI_no_I,0.3,0.7,0.996,0.001,92,0.843,3,0.368
energy_crisis_24,CPPTAI_no_I,0.3,0.7,0.996,0.001,92,0.843,3,0.368
energy_crisis_25,CoT,0.0,1.0,0.992,0.0,17,,,0.356
energy_crisis_25,CoT,0.0,1.0,0.992,0.0,17,,,0.356
energy_crisis_25,CoT,0.0,1.0,0.992,0.0,17,,,0.356
energy_crisis_25,ToT,0.1,0.9,1.0,0.0,15,,,0.356
energy_crisis_25,ToT,0.1,0.9,1.0,0.0,15,,,0.356
energy_crisis_25,ToT,0.1,0.9,1.0,0.0,15,,,0.356
energy_crisis_25,GoT,0.0,1.0,1.0,0.0,14,,,0.356
energy_crisis_25,GoT,0.0,1.0,1.0,0.0,14,,,0.356
energy_crisis_25,GoT,0.0,1.0,1.0,0.0,14,,,0.356
energy_crisis_25,ReAct,0.1,0.9,0.985,0.0,16,,,0.356
energy_crisis_25,ReAct,0.1,0.9,0.985,0.0,16,,,0.356
energy_crisis_25,ReAct,0.1,0.9,0.985,0.0,16,,,0.356
energy_crisis_25,CPPTAI,0.2,0.8,0.995,0.004,84,0.851,3,0.356
energy_crisis_25,CPPTAI,0.2,0.8,0.995,0.004,84,0.851,3,0.356
energy_crisis_25,CPPTAI,0.2,0.8,0.995,0.004,84,0.851,3,0.356
energy_crisis_25,CPPTAI_no_IV,0.0,1.0,1.0,0.004,8,0.853,3,0.356
energy_crisis_25,CPPTAI_no_IV,0.0,1.0,1.0,0.004,8,0.853,3,0.356
energy_crisis_25,CPPTAI_no_IV,0.0,1.0,1.0,0.004,8,0.853,3,0.356
energy_crisis_25,CPPTAI_no_I,0.2,0.8,0.995,0.002,84,0.851,3,0.356
energy_crisis_25,CPPTAI_no_I,0.2,0.8,0.995,0.002,84,0.851,3,0.356
energy_crisis_25,CPPTAI_no_I,0.2,0.8,0.995,0.001,84,0.851,3,0.356
energy_crisis_26,CoT,0.0,1.0,0.992,0.0,17,,,0.356
energy_crisis_26,CoT,0.0,1.0,0.992,0.0,17,,,0.356
energy_crisis_26,CoT,0.0,1.0,0.992,0.0,17,,,0.356
energy_crisis_26,ToT,0.1,0.9,1.0,0.0,15,,,0.356
energy_crisis_26,ToT,0.1,0.9,1.0,0.0,15,,,0.356
energy_crisis_26,ToT,0.1,0.9,1.0,0.0,15,,,0.356
energy_crisis_26,GoT,0.0,1.0,1.0,0.0,14,,,0.356
energy_crisis_26,GoT,0.0,1.0,1.0,0.0,14,,,0.356
energy_crisis_26,GoT,0.0,1.0,1.0,0.0,14,,,0.356
energy_crisis_26,ReAct,0.1,0.9,0.985,0.0,16,,,0.356
energy_crisis_26,ReAct,0.1,0.9,0.985,0.0,16,,,0.356
energy_crisis_26,ReAct,0.1,0.9,0.985,0.0,16,,,0.356
energy_crisis_26,CPPTAI,0.2,0.8,0.995,0.004,84,0.851,3,0.356
energy_crisis_26,CPPTAI,0.2,0.8,0.995,0.004,84,0.851,3,0.356
energy_crisis_26,CPPTAI,0.2,0.8,0.995,0.004,84,0.851,3,0.356
energy_crisis_26,CPPTAI_no_IV,0.0,1.0,1.0,0.004,8,0.853,3,0.356
energy_crisis_26,CPPTAI_no_IV,0.0,1.0,1.0,0.004,8,0.853,3,0.356
energy_crisis_26,CPPTAI_no_IV,0.0,1.0,1.0,0.004,8,0.853,3,0.356
energy_crisis_26,CPPTAI_no_I,0.2,0.8,0.995,0.002,84,0.851,3,0.356
energy_crisis_26,CPPTAI_no_I,0.2,0.8,0.995,0.002,84,0.851,3,0.356
energy_crisis_26,CPPTAI_no_I,0.2,0.8,0.995,0.002,84,0.851,3,0.356
energy_crisis_27,CoT,0.0,1.0,0.992,0.0,17,,,0.356
energy_crisis_27,CoT,0.0,1.0,0.992,0.0,17,,,0.356
energy_crisis_27,CoT,0.0,1.0,0.992,0.0,17,,,0.356
energy_crisis_27,ToT,0.1,0.9,1.0,0.0,15,,,0.356
energy_crisis_27,ToT,0.1,0.9,1.0,0.0,15,,,0.356
energy_crisis_27,ToT,0.1,0.9,1.0,0.0,15,,,0.356
energy_crisis_27,GoT,0.0,1.0,1.0,0.0,14,,,0.356
energy_crisis_27,GoT,0.0,1.0,1.0,0.0,14,,,0.356
energy_crisis_27,GoT,0.0,1.0,1.0,0.0,14,,,0.356
energy_crisis_27,ReAct,0.1,0.9,0.985,0.0,16,,,0.356
energy_crisis_27,ReAct,0.1,0.9,0.985,0.0,16,,,0.356
energy_crisis_27,ReAct,0.1,0.9,0.985,0.0,16,,,0.356
energy_crisis_27,CPPTAI,0.2,0.8,0.995,0.005,84,0.851,3,0.356
energy_crisis_27,CPPTAI,0.2,0.8,0.995,0.004,84,0.851,3,0.356
energy_crisis_27,CPPTAI,0.2,0.8,0.995,0.004,84,0.851,3,0.356
energy_crisis_27,CPPTAI_no_IV,0.0,1.0,1.0,0.004,8,0.853,3,0.356
energy_crisis_27,CPPTAI_no_IV,0.0,1.0,1.0,0.004,8,0.853,3,0.356
energy_crisis_27,CPPTAI_no_IV,0.0,1.0,1.0,0.004,8,0.853,3,0.356
energy_crisis_27,CPPTAI_no_I,0.2,0.8,0.995,0.002,84,0.851,3,0.356
energy_crisis_27,CPPTAI_no_I,0.2,0.8,0.995,0.002,84,0.851,3,0.356
energy_crisis_27,CPPTAI_no_I,0.2,0.8,0.995,0.002,84,0.851,3,0.356
energy_crisis_28,CoT,0.0,1.0,0.992,0.0,17,,,0.345
energy_crisis_28,CoT,0.0,1.0,0.992,0.0,17,,,0.345
energy_crisis_28,CoT,0.0,1.0,0.992,0.0,17,,,0.345
energy_crisis_28,ToT,0.1,0.9,1.0,0.0,15,,,0.345
energy_crisis_28,ToT,0.1,0.9,1.0,0.0,15,,,0.345
energy_crisis_28,ToT,0.1,0.9,1.0,0.0,15,,,0.345
energy_crisis_28,GoT,0.0,1.0,1.0,0.0,14,,,0.345
energy_crisis_28,GoT,0.0,1.0,1.0,0.0,14,,,0.345
energy_crisis_28,GoT,0.0,1.0,1.0,0.0,14,,,0.345
energy_crisis_28,ReAct,0.1,0.9,0.985,0.0,16,,,0.345
energy_crisis_28,ReAct,0.1,0.9,0.985,0.0,16,,,0.345
energy_crisis_28,ReAct,0.1,0.9,0.985,0.0,16,,,0.345
energy_crisis_28,CPPTAI,0.2,0.8,0.995,0.004,84,0.846,3,0.345
energy_crisis_28,CPPTAI,0.2,0.8,0.995,0.004,84,0.846,3,0.345
energy_crisis_28,CPPTAI,0.2,0.8,0.995,0.005,84,0.846,3,0.345
energy_crisis_28,CPPTAI_no_IV,0.0,1.0,1.0,0.004,8,0.853,3,0.345
energy_crisis_28,CPPTAI_no_IV,0.0,1.0,1.0,0.004,8,0.853,3,0.345
energy_crisis_28,CPPTAI_no_IV,0.0,1.0,1.0,0.004,8,0.853,3,0.345
energy_crisis_28,CPPTAI_no_I,0.2,0.8,0.995,0.002,84,0.846,3,0.345
energy_crisis_28,CPPTAI_no_I,0.2,0.8,0.995,0.002,84,0.846,3,0.345
energy_crisis_28,CPPTAI_no_I,0.2,0.8,0.995,0.002,84,0.846,3,0.345
energy_crisis_29,CoT,0.0,1.0,0.992,0.0,17,,,0.345
energy_crisis_29,CoT,0.0,1.0,0.992,0.0,17,,,0.345
energy_crisis_29,CoT,0.0,1.0,0.992,0.0,17,,,0.345
energy_crisis_29,ToT,0.1,0.9,1.0,0.0,15,,,0.345
energy_crisis_29,ToT,0.1,0.9,1.0,0.0,15,,,0.345
energy_crisis_29,ToT,0.1,0.9,1.0,0.0,15,,,0.345
energy_crisis_29,GoT,0.0,1.0,1.0,0.0,14,,,0.345
energy_crisis_29,GoT,0.0,1.0,1.0,0.0,14,,,0.345
energy_crisis_29,GoT,0.0,1.0,1.0,0.0,14,,,0.345
energy_crisis_29,ReAct,0.1,0.9,0.985,0.0,16,,,0.345
energy_crisis_29,ReAct,0.1,0.9,0.985,0.0,16,,,0.345
energy_crisis_29,ReAct,0.1,0.9,0.985,0.0,16,,,0.345
energy_crisis_29,CPPTAI,0.2,0.8,0.995,0.004,84,0.846,3,0.345
energy_crisis_29,CPPTAI,0.2,0.8,0.995,0.004,84,0.846,3,0.345
energy_crisis_29,CPPTAI,0.2,0.8,0.995,0.005,84,0.846,3,0.345
energy_crisis_29,CPPTAI_no_IV,0.0,1.0,1.0,0.004,8,0.853,3,0.345
energy_crisis_29,CPPTAI_no_IV,0.0,1.0,1.0,0.005,8,0.853,3,0.345
energy_crisis_29,CPPTAI_no_IV,0.0,1.0,1.0,0.004,8,0.853,3,0.345
energy_crisis_29,CPPTAI_no_I,0.2,0.8,0.995,0.002,84,0.846,3,0.345
energy_crisis_29,CPPTAI_no_I,0.2,0.8,0.995,0.002,84,0.846,3,0.345
energy_crisis_29,CPPTAI_no_I,0.2,0.8,0.995,0.002,84,0.846,3,0.345
energy_crisis_30,CoT,0.0,1.0,0.992,0.0,17,,,0.345
energy_crisis_30,CoT,0.0,1.0,0.992,0.0,17,,,0.345
energy_crisis_30,CoT,0.0,1.0,0.992,0.0,17,,,0.345
energy_crisis_30,ToT,0.1,0.9,1.0,0.0,15,,,0.345
energy_crisis_30,ToT,0.1,0.9,1.0,0.0,15,,,0.345
energy_crisis_30,ToT,0.1,0.9,1.0,0.0,15,,,0.345
energy_crisis_30,GoT,0.0,1.0,1.0,0.0,14,,,0.345
energy_crisis_30,GoT,0.0,1.0,1.0,0.0,14,,,0.345
energy_crisis_30,GoT,0.0,1.0,1.0,0.0,14,,,0.345
energy_crisis_30,ReAct,0.1,0.9,0.985,0.0,16,,,0.345
energy_crisis_30,ReAct,0.1,0.9,0.985,0.0,16,,,0.345
energy_crisis_30,ReAct,0.1,0.9,0.985,0.0,16,,,0.345
energy_crisis_30,CPPTAI,0.2,0.8,0.995,0.004,84,0.846,3,0.345
energy_crisis_30,CPPTAI,0.2,0.8,0.995,0.004,84,0.846,3,0.345
energy_crisis_30,CPPTAI,0.2,0.8,0.995,0.004,84,0.846,3,0.345
energy_crisis_30,CPPTAI_no_IV,0.0,1.0,1.0,0.004,8,0.853,3,0.345
energy_crisis_30,CPPTAI_no_IV,0.0,1.0,1.0,0.004,8,0.853,3,0.345
energy_crisis_30,CPPTAI_no_IV,0.0,1.0,1.0,0.005,8,0.853,3,0.345
energy_crisis_30,CPPTAI_no_I,0.2,0.8,0.995,0.002,84,0.846,3,0.345
energy_crisis_30,CPPTAI_no_I,0.2,0.8,0.995,0.002,84,0.846,3,0.345
energy_crisis_30,CPPTAI_no_I,0.2,0.8,0.995,0.002,84,0.846,3,0.345
energy_crisis_31,CoT,0.0,1.0,0.992,0.0,17,,,0.368
energy_crisis_31,CoT,0.0,1.0,0.992,0.0,17,,,0.368
energy_crisis_31,CoT,0.0,1.0,0.992,0.0,17,,,0.368
energy_crisis_31,ToT,0.1,0.9,1.0,0.0,15,,,0.368
energy_crisis_31,ToT,0.1,0.9,1.0,0.0,15,,,0.368
energy_crisis_31,ToT,0.1,0.9,1.0,0.0,15,,,0.368
energy_crisis_31,GoT,0.0,1.0,1.0,0.0,14,,,0.368
energy_crisis_31,GoT,0.0,1.0,1.0,0.0,14,,,0.368
energy_crisis_31,GoT,0.0,1.0,1.0,0.0,14,,,0.368
energy_crisis_31,ReAct,0.1,0.9,0.985,0.0,16,,,0.368
energy_crisis_31,ReAct,0.1,0.9,0.985,0.0,16,,,0.368
energy_crisis_31,ReAct,0.1,0.9,0.985,0.0,16,,,0.368
energy_crisis_31,CPPTAI,0.3,0.7,0.996,0.005,92,0.839,3,0.368
energy_crisis_31,CPPTAI,0.3,0.7,0.996,0.005,92,0.839,3,0.368
energy_crisis_31,CPPTAI,0.3,0.7,0.996,0.005,92,0.839,3,0.368
energy_crisis_31,CPPTAI_no_IV,0.0,1.0,1.0,0.004,8,0.853,3,0.368
energy_crisis_31,CPPTAI_no_IV,0.0,1.0,1.0,0.004,8,0.853,3,0.368
energy_crisis_31,CPPTAI_no_IV,0.0,1.0,1.0,0.004,8,0.853,3,0.368
energy_crisis_31,CPPTAI_no_I,0.3,0.7,0.996,0.002,92,0.839,3,0.368
energy_crisis_31,CPPTAI_no_I,0.3,0.7,0.996,0.002,92,0.839,3,0.368
energy_crisis_31,CPPTAI_no_I,0.3,0.7,0.996,0.002,92,0.839,3,0.368
energy_crisis_32,CoT,0.0,1.0,0.992,0.0,17,,,0.368
energy_crisis_32,CoT,0.0,1.0,0.992,0.0,17,,,0.368
energy_crisis_32,CoT,0.0,1.0,0.992,0.0,17,,,0.368
energy_crisis_32,ToT,0.1,0.9,1.0,0.0,15,,,0.368
energy_crisis_32,ToT,0.1,0.9,1.0,0.0,15,,,0.368
energy_crisis_32,ToT,0.1,0.9,1.0,0.0,15,,,0.368
energy_crisis_32,GoT,0.0,1.0,1.0,0.0,14,,,0.368
energy_crisis_32,GoT,0.0,1.0,1.0,0.0,14,,,0.368
energy_crisis_32,GoT,0.0,1.0,1.0,0.0,14,,,0.368
energy_crisis_32,ReAct,0.1,0.9,0.985,0.0,16,,,0.368
energy_crisis_32,ReAct,0.1,0.9,0.985,0.0,16,,,0.368
energy_crisis_32,ReAct,0.1,0.9,0.985,0.0,16,,,0.368
energy_crisis_32,CPPTAI,0.3,0.7,0.996,0.005,92,0.839,3,0.368
energy_crisis_32,CPPTAI,0.3,0.7,0.996,0.005,92,0.839,3,0.368
energy_crisis_32,CPPTAI,0.3,0.7,0.996,0.005,92,0.839,3,0.368
energy_crisis_32,CPPTAI_no_IV,0.0,1.0,1.0,0.005,8,0.853,3,0.368
energy_crisis_32,CPPTAI_no_IV,0.0,1.0,1.0,0.004,8,0.853,3,0.368
energy_crisis_32,CPPTAI_no_IV,0.0,1.0,1.0,0.004,8,0.853,3,0.368
energy_crisis_32,CPPTAI_no_I,0.3,0.7,0.996,0.002,92,0.839,3,0.368
energy_crisis_32,CPPTAI_no_I,0.3,0.7,0.996,0.002,92,0.839,3,0.368
energy_crisis_32,CPPTAI_no_I,0.3,0.7,0.996,0.002,92,0.839,3,0.368
energy_crisis_33,CoT,0.0,1.0,0.992,0.0,17,,,0.368
energy_crisis_33,CoT,0.0,1.0,0.992,0.0,17,,,0.368
energy_crisis_33,CoT,0.0,1.0,0.992,0.0,17,,,0.368
energy_crisis_33,ToT,0.1,0.9,1.0,0.0,15,,,0.368
energy_crisis_33,ToT,0.1,0.9,1.0,0.0,15,,,0.368
energy_crisis_33,ToT,0.1,0.9,1.0,0.0,15,,,0.368
energy_crisis_33,GoT,0.0,1.0,1.0,0.0,14,,,0.368
energy_crisis_33,GoT,0.0,1.0,1.0,0.0,14,,,0.368
energy_crisis_33,GoT,0.0,1.0,1.0,0.0,14,,,0.368
energy_crisis_33,ReAct,0.1,0.9,0.985,0.0,16,,,0.368
energy_crisis_33,ReAct,0.1,0.9,0.985,0.0,16,,,0.368
energy_crisis_33,ReAct,0.1,0.9,0.985,0.0,16,,,0.368
energy_crisis_33,CPPTAI,0.3,0.7,0.996,0.005,92,0.839,3,0.368
energy_crisis_33,CPPTAI,0.3,0.7,0.996,0.005,92,0.839,3,0.368
energy_crisis_33,CPPTAI,0.3,0.7,0.996,0.005,92,0.839,3,0.368
energy_crisis_33,CPPTAI_no_IV,0.0,1.0,1.0,0.005,8,0.853,3,0.368
energy_crisis_33,CPPTAI_no_IV,0.0,1.0,1.0,0.005,8,0.853,3,0.368
energy_crisis_33,CPPTAI_no_IV,0.0,1.0,1.0,0.005,8,0.853,3,0.368
energy_crisis_33,CPPTAI_no_I,0.3,0.7,0.996,0.003,92,0.839,3,0.368
energy_crisis_33,CPPTAI_no_I,0.3,0.7,0.996,0.002,92,0.839,3,0.368
energy_crisis_33,CPPTAI_no_I,0.3,0.7,0.996,0.002,92,0.839,3,0.368
energy_crisis_34,CoT,0.0,1.0,0.992,0.0,17,,,0.356
energy_crisis_34,CoT,0.0,1.0,0.992,0.0,17,,,0.356
energy_crisis_34,CoT,0.0,1.0,0.992,0.0,17,,,0.356
energy_crisis_34,ToT,0.1,0.9,1.0,0.0,15,,,0.356
energy_crisis_34,ToT,0.1,0.9,1.0,0.0,15,,,0.356
energy_crisis_34,ToT,0.1,0.9,1.0,0.0,15,,,0.356
energy_crisis_34,GoT,0.0,1.0,1.0,0.0,14,,,0.356
energy_crisis_34,GoT,0.0,1.0,1.0,0.0,14,,,0.356
energy_crisis_34,GoT,0.0,1.0,1.0,0.0,14,,,0.356
energy_crisis_34,ReAct,0.1,0.9,0.985,0.0,16,,,0.356
energy_crisis_34,ReAct,0.1,0.9,0.985,0.0,16,,,0.356
energy_crisis_34,ReAct,0.1,0.9,0.985,0.0,16,,,0.356
energy_crisis_34,CPPTAI,0.2,0.8,0.995,0.006,84,0.846,3,0.356
energy_crisis_34,CPPTAI,0.2,0.8,0.995,0.005,84,0.846,3,0.356
energy_crisis_34,CPPTAI,0.2,0.8,0.995,0.005,84,0.846,3,0.356
energy_crisis_34,CPPTAI_no_IV,0.0,1.0,1.0,0.005,8,0.853,3,0.356
energy_crisis_34,CPPTAI_no_IV,0.0,1.0,1.0,0.005,8,0.853,3,0.356
energy_crisis_34,CPPTAI_no_IV,0.0,1.0,1.0,0.005,8,0.853,3,0.356
energy_crisis_34,CPPTAI_no_I,0.2,0.8,0.995,0.002,84,0.846,3,0.356
energy_crisis_34,CPPTAI_no_I,0.2,0.8,0.995,0.002,84,0.846,3,0.356
energy_crisis_34,CPPTAI_no_I,0.2,0.8,0.995,0.002,84,0.846,3,0.356
energy_crisis_35,CoT,0.0,1.0,0.992,0.0,17,,,0.356
energy_crisis_35,CoT,0.0,1.0,0.992,0.0,17,,,0.356
energy_crisis_35,CoT,0.0,1.0,0.992,0.0,17,,,0.356
energy_crisis_35,ToT,0.1,0.9,1.0,0.0,15,,,0.356
energy_crisis_35,ToT,0.1,0.9,1.0,0.0,15,,,0.356
energy_crisis_35,ToT,0.1,0.9,1.0,0.0,15,,,0.356
energy_crisis_35,GoT,0.0,1.0,1.0,0.0,14,,,0.356
energy_crisis_35,GoT,0.0,1.0,1.0,0.0,14,,,0.356
energy_crisis_35,GoT,0.0,1.0,1.0,0.0,14,,,0.356
energy_crisis_35,ReAct,0.1,0.9,0.985,0.0,16,,,0.356
energy_crisis_35,ReAct,0.1,0.9,0.985,0.0,16,,,0.356
energy_crisis_35,ReAct,0.1,0.9,0.985,0.0,16,,,0.356
energy_crisis_35,CPPTAI,0.2,0.8,0.995,0.006,84,0.846,3,0.356
energy_crisis_35,CPPTAI,0.2,0.8,0.995,0.005,84,0.846,3,0.356
energy_crisis_35,CPPTAI,0.2,0.8,0.995,0.005,84,0.846,3,0.356
energy_crisis_35,CPPTAI_no_IV,0.0,1.0,1.0,0.005,8,0.853,3,0.356
energy_crisis_35,CPPTAI_no_IV,0.0,1.0,1.0,0.005,8,0.853,3,0.356
energy_crisis_35,CPPTAI_no_IV,0.0,1.0,1.0,0.005,8,0.853,3,0.356
energy_crisis_35,CPPTAI_no_I,0.2,0.8,0.995,0.002,84,0.846,3,0.356
energy_crisis_35,CPPTAI_no_I,0.2,0.8,0.995,0.002,84,0.846,3,0.356
energy_crisis_35,CPPTAI_no_I,0.2,0.8,0.995,0.002,84,0.846,3,0.356
energy_crisis_36,CoT,0.0,1.0,0.992,0.0,17,,,0.356
energy_crisis_36,CoT,0.0,1.0,0.992,0.0,17,,,0.356
energy_crisis_36,CoT,0.0,1.0,0.992,0.0,17,,,0.356
energy_crisis_36,ToT,0.1,0.9,1.0,0.0,15,,,0.356
energy_crisis_36,ToT,0.1,0.9,1.0,0.0,15,,,0.356
energy_crisis_36,ToT,0.1,0.9,1.0,0.0,15,,,0.356
energy_crisis_36,GoT,0.0,1.0,1.0,0.0,14,,,0.356
energy_crisis_36,GoT,0.0,1.0,1.0,0.0,14,,,0.356
energy_crisis_36,GoT,0.0,1.0,1.0,0.0,14,,,0.356
energy_crisis_36,ReAct,0.1,0.9,0.985,0.0,16,,,0.356
energy_crisis_36,ReAct,0.1,0.9,0.985,0.0,16,,,0.356
energy_crisis_36,ReAct,0.1,0.9,0.985,0.0,16,,,0.356
energy_crisis_36,CPPTAI,0.2,0.8,0.995,0.006,84,0.846,3,0.356
energy_crisis_36,CPPTAI,0.2,0.8,0.995,0.005,84,0.846,3,0.356
energy_crisis_36,CPPTAI,0.2,0.8,0.995,0.006,84,0.846,3,0.356
energy_crisis_36,CPPTAI_no_IV,0.0,1.0,1.0,0.005,8,0.853,3,0.356
energy_crisis_36,CPPTAI_no_IV,0.0,1.0,1.0,0.005,8,0.853,3,0.356
energy_crisis_36,CPPTAI_no_IV,0.0,1.0,1.0,0.005,8,0.853,3,0.356
energy_crisis_36,CPPTAI_no_I,0.2,0.8,0.995,0.002,84,0.846,3,0.356
energy_crisis_36,CPPTAI_no_I,0.2,0.8,0.995,0.002,84,0.846,3,0.356
energy_crisis_36,CPPTAI_no_I,0.2,0.8,0.995,0.002,84,0.846,3,0.356
energy_crisis_37,CoT,0.0,1.0,0.992,0.0,17,,,0.345
energy_crisis_37,CoT,0.0,1.0,0.992,0.0,17,,,0.345
energy_crisis_37,CoT,0.0,1.0,0.992,0.0,17,,,0.345
energy_crisis_37,ToT,0.1,0.9,1.0,0.0,15,,,0.345
energy_crisis_37,ToT,0.1,0.9,1.0,0.0,15,,,0.345
energy_crisis_37,ToT,0.1,0.9,1.0,0.0,15,,,0.345
energy_crisis_37,GoT,0.0,1.0,1.0,0.0,14,,,0.345
energy_crisis_37,GoT,0.0,1.0,1.0,0.0,14,,,0.345
energy_crisis_37,GoT,0.0,1.0,1.0,0.0,14,,,0.345
energy_crisis_37,ReAct,0.1,0.9,0.985,0.0,16,,,0.345
energy_crisis_37,ReAct,0.1,0.9,0.985,0.0,16,,,0.345
energy_crisis_37,ReAct,0.1,0.9,0.985,0.0,16,,,0.345
energy_crisis_37,CPPTAI,0.2,0.8,0.995,0.006,84,0.852,3,0.345
energy_crisis_37,CPPTAI,0.2,0.8,0.995,0.005,84,0.852,3,0.345
energy_crisis_37,CPPTAI,0.2,0.8,0.995,0.006,84,0.852,3,0.345
energy_crisis_37,CPPTAI_no_IV,0.0,1.0,1.0,0.005,8,0.853,3,0.345
energy_crisis_37,CPPTAI_no_IV,0.0,1.0,1.0,0.005,8,0.853,3,0.345
energy_crisis_37,CPPTAI_no_IV,0.0,1.0,1.0,0.005,8,0.853,3,0.345
energy_crisis_37,CPPTAI_no_I,0.2,0.8,0.995,0.002,84,0.852,3,0.345
energy_crisis_37,CPPTAI_no_I,0.2,0.8,0.995,0.002,84,0.852,3,0.345
energy_crisis_37,CPPTAI_no_I,0.2,0.8,0.995,0.002,84,0.852,3,0.345
energy_crisis_38,CoT,0.0,1.0,0.992,0.0,17,,,0.345
energy_crisis_38,CoT,0.0,1.0,0.992,0.0,17,,,0.345
energy_crisis_38,CoT,0.0,1.0,0.992,0.0,17,,,0.345
energy_crisis_38,ToT,0.1,0.9,1.0,0.0,15,,,0.345
energy_crisis_38,ToT,0.1,0.9,1.0,0.0,15,,,0.345
energy_crisis_38,ToT,0.1,0.9,1.0,0.0,15,,,0.345
energy_crisis_38,GoT,0.0,1.0,1.0,0.0,14,,,0.345
energy_crisis_38,GoT,0.0,1.0,1.0,0.0,14,,,0.345
energy_crisis_38,GoT,0.0,1.0,1.0,0.0,14,,,0.345
energy_crisis_38,ReAct,0.1,0.9,0.985,0.0,16,,,0.345
energy_crisis_38,ReAct,0.1,0.9,0.985,0.0,16,,,0.345
energy_crisis_38,ReAct,0.1,0.9,0.985,0.0,16,,,0.345
energy_crisis_38,CPPTAI,0.2,0.8,0.995,0.005,84,0.852,3,0.345
energy_crisis_38,CPPTAI,0.2,0.8,0.995,0.005,84,0.852,3,0.345
energy_crisis_38,CPPTAI,0.2,0.8,0.995,0.005,84,0.852,3,0.345
energy_crisis_38,CPPTAI_no_IV,0.0,1.0,1.0,0.005,8,0.853,3,0.345
energy_crisis_38,CPPTAI_no_IV,0.0,1.0,1.0,0.005,8,0.853,3,0.345
energy_crisis_38,CPPTAI_no_IV,0.0,1.0,1.0,0.005,8,0.853,3,0.345
energy_crisis_38,CPPTAI_no_I,0.2,0.8,0.995,0.002,84,0.852,3,0.345
energy_crisis_38,CPPTAI_no_I,0.2,0.8,0.995,0.002,84,0.852,3,0.345
energy_crisis_38,CPPTAI_no_I,0.2,0.8,0.995,0.002,84,0.852,3,0.345
energy_crisis_39,CoT,0.0,1.0,0.992,0.0,17,,,0.345
energy_crisis_39,CoT,0.0,1.0,0.992,0.0,17,,,0.345
energy_crisis_39,CoT,0.0,1.0,0.992,0.0,17,,,0.345
energy_crisis_39,ToT,0.1,0.9,1.0,0.0,15,,,0.345
energy_crisis_39,ToT,0.1,0.9,1.0,0.0,15,,,0.345
energy_crisis_39,ToT,0.1,0.9,1.0,0.0,15,,,0.345
energy_crisis_39,GoT,0.0,1.0,1.0,0.0,14,,,0.345
energy_crisis_39,GoT,0.0,1.0,1.0,0.0,14,,,0.345
energy_crisis_39,GoT,0.0,1.0,1.0,0.0,14,,,0.345
energy_crisis_39,ReAct,0.1,0.9,0.985,0.0,16,,,0.345
energy_crisis_39,ReAct,0.1,0.9,0.985,0.0,16,,,0.345
energy_crisis_39,ReAct,0.1,0.9,0.985,0.0,16,,,0.345
energy_crisis_39,CPPTAI,0.2,0.8,0.995,0.006,84,0.852,3,0.345
energy_crisis_39,CPPTAI,0.2,0.8,0.995,0.006,84,0.852,3,0.345
energy_crisis_39,CPPTAI,0.2,0.8,0.995,0.005,84,0.852,3,0.345
energy_crisis_39,CPPTAI_no_IV,0.0,1.0,1.0,0.005,8,0.853,3,0.345
energy_crisis_39,CPPTAI_no_IV,0.0,1.0,1.0,0.005,8,0.853,3,0.345
energy_crisis_39,CPPTAI_no_IV,0.0,1.0,1.0,0.005,8,0.853,3,0.345
energy_crisis_39,CPPTAI_no_I,0.2,0.8,0.995,0.002,84,0.852,3,0.345
energy_crisis_39,CPPTAI_no_I,0.2,0.8,0.995,0.002,84,0.852,3,0.345
energy_crisis_39,CPPTAI_no_I,0.2,0.8,0.995,0.002,84,0.852,3,0.345
energy_crisis_40,CoT,0.0,1.0,0.992,0.0,17,,,0.368
energy_crisis_40,CoT,0.0,1.0,0.992,0.0,17,,,0.368
energy_crisis_40,CoT,0.0,1.0,0.992,0.0,17,,,0.368
energy_crisis_40,ToT,0.1,0.9,1.0,0.0,15,,,0.368
energy_crisis_40,ToT,0.1,0.9,1.0,0.0,15,,,0.368
energy_crisis_40,ToT,0.1,0.9,1.0,0.0,15,,,0.368
energy_crisis_40,GoT,0.0,1.0,1.0,0.0,14,,,0.368
energy_crisis_40,GoT,0.0,1.0,1.0,0.0,14,,,0.368
energy_crisis_40,GoT,0.0,1.0,1.0,0.0,14,,,0.368
energy_crisis_40,ReAct,0.1,0.9,0.985,0.0,16,,,0.368
energy_crisis_40,ReAct,0.1,0.9,0.985,0.0,16,,,0.368
energy_crisis_40,ReAct,0.1,0.9,0.985,0.0,16,,,0.368
energy_crisis_40,CPPTAI,0.3,0.7,0.996,0.005,92,0.844,3,0.368
energy_crisis_40,CPPTAI,0.3,0.7,0.996,0.006,92,0.844,3,0.368
energy_crisis_40,CPPTAI,0.3,0.7,0.996,0.006,92,0.844,3,0.368
energy_crisis_40,CPPTAI_no_IV,0.0,1.0,1.0,0.005,8,0.853,3,0.368
energy_crisis_40,CPPTAI_no_IV,0.0,1.0,1.0,0.006,8,0.853,3,0.368
energy_crisis_40,CPPTAI_no_IV,0.0,1.0,1.0,0.006,8,0.853,3,0.368
energy_crisis_40,CPPTAI_no_I,0.3,0.7,0.996,0.002,92,0.844,3,0.368
energy_crisis_40,CPPTAI_no_I,0.3,0.7,0.996,0.002,92,0.844,3,0.368
energy_crisis_40,CPPTAI_no_I,0.3,0.7,0.996,0.002,92,0.844,3,0.368
energy_crisis_41,CoT,0.0,1.0,0.992,0.0,17,,,0.368
energy_crisis_41,CoT,0.0,1.0,0.992,0.0,17,,,0.368
energy_crisis_41,CoT,0.0,1.0,0.992,0.0,17,,,0.368
energy_crisis_41,ToT,0.1,0.9,1.0,0.0,15,,,0.368
energy_crisis_41,ToT,0.1,0.9,1.0,0.0,15,,,0.368
energy_crisis_41,ToT,0.1,0.9,1.0,0.0,15,,,0.368
energy_crisis_41,GoT,0.0,1.0,1.0,0.0,14,,,0.368
energy_crisis_41,GoT,0.0,1.0,1.0,0.0,14,,,0.368
energy_crisis_41,GoT,0.0,1.0,1.0,0.0,14,,,0.368
energy_crisis_41,ReAct,0.1,0.9,0.985,0.0,16,,,0.368
energy_crisis_41,ReAct,0.1,0.9,0.985,0.0,16,,,0.368
energy_crisis_41,ReAct,0.1,0.9,0.985,0.0,16,,,0.368
energy_crisis_41,CPPTAI,0.3,0.7,0.996,0.006,92,0.844,3,0.368
energy_crisis_41,CPPTAI,0.3,0.7,0.996,0.006,92,0.844,3,0.368
energy_crisis_41,CPPTAI,0.3,0.7,0.996,0.006,92,0.844,3,0.368
energy_crisis_41,CPPTAI_no_IV,0.0,1.0,1.0,0.005,8,0.853,3,0.368
energy_crisis_41,CPPTAI_no_IV,0.0,1.0,1.0,0.006,8,0.853,3,0.368
energy_crisis_41,CPPTAI_no_IV,0.0,1.0,1.0,0.005,8,0.853,3,0.368
energy_crisis_41,CPPTAI_no_I,0.3,0.7,0.996,0.003,92,0.844,3,0.368
energy_crisis_41,CPPTAI_no_I,0.3,0.7,0.996,0.002,92,0.844,3,0.368
energy_crisis_41,CPPTAI_no_I,0.3,0.7,0.996,0.002,92,0.844,3,0.368
energy_crisis_42,CoT,0.0,1.0,0.992,0.0,17,,,0.368
energy_crisis_42,CoT,0.0,1.0,0.992,0.0,17,,,0.368
energy_crisis_42,CoT,0.0,1.0,0.992,0.0,17,,,0.368
energy_crisis_42,ToT,0.1,0.9,1.0,0.0,15,,,0.368
energy_crisis_42,ToT,0.1,0.9,1.0,0.0,15,,,0.368
energy_crisis_42,ToT,0.1,0.9,1.0,0.0,15,,,0.368
energy_crisis_42,GoT,0.0,1.0,1.0,0.0,14,,,0.368
energy_crisis_42,GoT,0.0,1.0,1.0,0.0,14,,,0.368
energy_crisis_42,GoT,0.0,1.0,1.0,0.0,14,,,0.368
energy_crisis_42,ReAct,0.1,0.9,0.985,0.0,16,,,0.368
energy_crisis_42,ReAct,0.1,0.9,0.985,0.0,16,,,0.368
energy_crisis_42,ReAct,0.1,0.9,0.985,0.0,16,,,0.368
energy_crisis_42,CPPTAI,0.3,0.7,0.996,0.006,92,0.844,3,0.368
energy_crisis_42,CPPTAI,0.3,0.7,0.996,0.006,92,0.844,3,0.368
energy_crisis_42,CPPTAI,0.3,0.7,0.996,0.006,92,0.844,3,0.368
energy_crisis_42,CPPTAI_no_IV,0.0,1.0,1.0,0.006,8,0.853,3,0.368
energy_crisis_42,CPPTAI_no_IV,0.0,1.0,1.0,0.006,8,0.853,3,0.368
energy_crisis_42,CPPTAI_no_IV,0.0,1.0,1.0,0.005,8,0.853,3,0.368
energy_crisis_42,CPPTAI_no_I,0.3,0.7,0.996,0.003,92,0.844,3,0.368
energy_crisis_42,CPPTAI_no_I,0.3,0.7,0.996,0.002,92,0.844,3,0.368
energy_crisis_42,CPPTAI_no_I,0.3,0.7,0.996,0.002,92,0.844,3,0.368
energy_crisis_43,CoT,0.0,1.0,0.992,0.0,17,,,0.356
energy_crisis_43,CoT,0.0,1.0,0.992,0.0,17,,,0.356
energy_crisis_43,CoT,0.0,1.0,0.992,0.0,17,,,0.356
energy_crisis_43,ToT,0.1,0.9,1.0,0.0,15,,,0.356
energy_crisis_43,ToT,0.1,0.9,1.0,0.0,15,,,0.356
energy_crisis_43,ToT,0.1,0.9,1.0,0.0,15,,,0.356
energy_crisis_43,GoT,0.0,1.0,1.0,0.0,14,,,0.356
energy_crisis_43,GoT,0.0,1.0,1.0,0.0,14,,,0.356
energy_crisis_43,GoT,0.0,1.0,1.0,0.0,14,,,0.356
energy_crisis_43,ReAct,0.1,0.9,0.985,0.0,16,,,0.356
energy_crisis_43,ReAct,0.1,0.9,0.985,0.0,16,,,0.356
energy_crisis_43,ReAct,0.1,0.9,0.985,0.0,16,,,0.356
energy_crisis_43,CPPTAI,0.2,0.8,0.995,0.006,84,0.852,3,0.356
energy_crisis_43,CPPTAI,0.2,0.8,0.995,0.006,84,0.852,3,0.356
energy_crisis_43,CPPTAI,0.2,0.8,0.995,0.006,84,0.852,3,0.356
energy_crisis_43,CPPTAI_no_IV,0.0,1.0,1.0,0.006,8,0.853,3,0.356
energy_crisis_43,CPPTAI_no_IV,0.0,1.0,1.0,0.006,8,0.853,3,0.356
energy_crisis_43,CPPTAI_no_IV,0.0,1.0,1.0,0.006,8,0.853,3,0.356
energy_crisis_43,CPPTAI_no_I,0.2,0.8,0.995,0.002,84,0.852,3,0.356
energy_crisis_43,CPPTAI_no_I,0.2,0.8,0.995,0.002,84,0.852,3,0.356
energy_crisis_43,CPPTAI_no_I,0.2,0.8,0.995,0.002,84,0.852,3,0.356
energy_crisis_44,CoT,0.0,1.0,0.992,0.0,17,,,0.356
energy_crisis_44,CoT,0.0,1.0,0.992,0.0,17,,,0.356
energy_crisis_44,CoT,0.0,1.0,0.992,0.0,17,,,0.356
energy_crisis_44,ToT,0.1,0.9,1.0,0.0,15,,,0.356
energy_crisis_44,ToT,0.1,0.9,1.0,0.0,15,,,0.356
energy_crisis_44,ToT,0.1,0.9,1.0,0.0,15,,,0.356
energy_crisis_44,GoT,0.0,1.0,1.0,0.0,14,,,0.356
energy_crisis_44,GoT,0.0,1.0,1.0,0.0,14,,,0.356
energy_crisis_44,GoT,0.0,1.0,1.0,0.0,14,,,0.356
energy_crisis_44,ReAct,0.1,0.9,0.985,0.0,16,,,0.356
energy_crisis_44,ReAct,0.1,0.9,0.985,0.0,16,,,0.356
energy_crisis_44,ReAct,0.1,0.9,0.985,0.0,16,,,0.356
energy_crisis_44,CPPTAI,0.2,0.8,0.995,0.006,84,0.852,3,0.356
energy_crisis_44,CPPTAI,0.2,0.8,0.995,0.006,84,0.852,3,0.356
energy_crisis_44,CPPTAI,0.2,0.8,0.995,0.007,84,0.852,3,0.356
energy_crisis_44,CPPTAI_no_IV,0.0,1.0,1.0,0.006,8,0.853,3,0.356
energy_crisis_44,CPPTAI_no_IV,0.0,1.0,1.0,0.006,8,0.853,3,0.356
energy_crisis_44,CPPTAI_no_IV,0.0,1.0,1.0,0.006,8,0.853,3,0.356
energy_crisis_44,CPPTAI_no_I,0.2,0.8,0.995,0.002,84,0.852,3,0.356
energy_crisis_44,CPPTAI_no_I,0.2,0.8,0.995,0.002,84,0.852,3,0.356
energy_crisis_44,CPPTAI_no_I,0.2,0.8,0.995,0.002,84,0.852,3,0.356
energy_crisis_45,CoT,0.0,1.0,0.992,0.0,17,,,0.356
energy_crisis_45,CoT,0.0,1.0,0.992,0.0,17,,,0.356
energy_crisis_45,CoT,0.0,1.0,0.992,0.0,17,,,0.356
energy_crisis_45,ToT,0.1,0.9,1.0,0.0,15,,,0.356
energy_crisis_45,ToT,0.1,0.9,1.0,0.0,15,,,0.356
energy_crisis_45,ToT,0.1,0.9,1.0,0.0,15,,,0.356
energy_crisis_45,GoT,0.0,1.0,1.0,0.0,14,,,0.356
energy_crisis_45,GoT,0.0,1.0,1.0,0.0,14,,,0.356
energy_crisis_45,GoT,0.0,1.0,1.0,0.0,14,,,0.356
energy_crisis_45,ReAct,0.1,0.9,0.985,0.0,16,,,0.356
energy_crisis_45,ReAct,0.1,0.9,0.985,0.0,16,,,0.356
energy_crisis_45,ReAct,0.1,0.9,0.985,0.0,16,,,0.356
energy_crisis_45,CPPTAI,0.2,0.8,0.995,0.007,84,0.852,3,0.356
energy_crisis_45,CPPTAI,0.2,0.8,0.995,0.006,84,0.852,3,0.356
energy_crisis_45,CPPTAI,0.2,0.8,0.995,0.006,84,0.852,3,0.356
energy_crisis_45,CPPTAI_no_IV,0.0,1.0,1.0,0.006,8,0.853,3,0.356
energy_crisis_45,CPPTAI_no_IV,0.0,1.0,1.0,0.006,8,0.853,3,0.356
energy_crisis_45,CPPTAI_no_IV,0.0,1.0,1.0,0.006,8,0.853,3,0.356
energy_crisis_45,CPPTAI_no_I,0.2,0.8,0.995,0.002,84,0.852,3,0.356
energy_crisis_45,CPPTAI_no_I,0.2,0.8,0.995,0.003,84,0.852,3,0.356
energy_crisis_45,CPPTAI_no_I,0.2,0.8,0.995,0.002,84,0.852,3,0.356
energy_crisis_46,CoT,0.0,1.0,0.992,0.0,17,,,0.356
energy_crisis_46,CoT,0.0,1.0,0.992,0.0,17,,,0.356
energy_crisis_46,CoT,0.0,1.0,0.992,0.0,17,,,0.356
energy_crisis_46,ToT,0.1,0.9,1.0,0.0,15,,,0.356
energy_crisis_46,ToT,0.1,0.9,1.0,0.0,15,,,0.356
energy_crisis_46,ToT,0.1,0.9,1.0,0.0,15,,,0.356
energy_crisis_46,GoT,0.0,1.0,1.0,0.0,14,,,0.356
energy_crisis_46,GoT,0.0,1.0,1.0,0.0,14,,,0.356
energy_crisis_46,GoT,0.0,1.0,1.0,0.0,14,,,0.356
energy_crisis_46,ReAct,0.1,0.9,0.985,0.0,16,,,0.356
energy_crisis_46,ReAct,0.1,0.9,0.985,0.0,16,,,0.356
energy_crisis_46,ReAct,0.1,0.9,0.985,0.0,16,,,0.356
energy_crisis_46,CPPTAI,0.2,0.8,0.995,0.007,84,0.85,3,0.356
energy_crisis_46,CPPTAI,0.2,0.8,0.995,0.006,84,0.85,3,0.356
energy_crisis_46,CPPTAI,0.2,0.8,0.995,0.007,84,0.85,3,0.356
energy_crisis_46,CPPTAI_no_IV,0.0,1.0,1.0,0.006,8,0.853,3,0.356
energy_crisis_46,CPPTAI_no_IV,0.0,1.0,1.0,0.006,8,0.853,3,0.356
energy_crisis_46,CPPTAI_no_IV,0.0,1.0,1.0,0.006,8,0.853,3,0.356
energy_crisis_46,CPPTAI_no_I,0.2,0.8,0.995,0.003,84,0.85,3,0.356
energy_crisis_46,CPPTAI_no_I,0.2,0.8,0.995,0.002,84,0.85,3,0.356
energy_crisis_46,CPPTAI_no_I,0.2,0.8,0.995,0.003,84,0.85,3,0.356
energy_crisis_47,CoT,0.0,1.0,0.992,0.0,17,,,0.356
energy_crisis_47,CoT,0.0,1.0,0.992,0.0,17,,,0.356
energy_crisis_47,CoT,0.0,1.0,0.992,0.0,17,,,0.356
energy_crisis_47,ToT,0.1,0.9,1.0,0.0,15,,,0.356
energy_crisis_47,ToT,0.1,0.9,1.0,0.0,15,,,0.356
energy_crisis_47,ToT,0.1,0.9,1.0,0.0,15,,,0.356
energy_crisis_47,GoT,0.0,1.0,1.0,0.0,14,,,0.356
energy_crisis_47,GoT,0.0,1.0,1.0,0.0,14,,,0.356
energy_crisis_47,GoT,0.0,1.0,1.0,0.0,14,,,0.356
energy_crisis_47,ReAct,0.1,0.9,0.985,0.0,16,,,0.356
energy_crisis_47,ReAct,0.1,0.9,0.985,0.0,16,,,0.356
energy_crisis_47,ReAct,0.1,0.9,0.985,0.0,16,,,0.356
energy_crisis_47,CPPTAI,0.2,0.8,0.995,0.007,84,0.85,3,0.356
energy_crisis_47,CPPTAI,0.2,0.8,0.995,0.006,84,0.85,3,0.356
energy_crisis_47,CPPTAI,0.2,0.8,0.995,0.006,84,0.85,3,0.356
energy_crisis_47,CPPTAI_no_IV,0.0,1.0,1.0,0.006,8,0.853,3,0.356
energy_crisis_47,CPPTAI_no_IV,0.0,1.0,1.0,0.006,8,0.853,3,0.356
energy_crisis_47,CPPTAI_no_IV,0.0,1.0,1.0,0.006,8,0.853,3,0.356
energy_crisis_47,CPPTAI_no_I,0.2,0.8,0.995,0.002,84,0.85,3,0.356
energy_crisis_47,CPPTAI_no_I,0.2,0.8,0.995,0.002,84,0.85,3,0.356
energy_crisis_47,CPPTAI_no_I,0.2,0.8,0.995,0.002,84,0.85,3,0.356
energy_crisis_48,CoT,0.0,1.0,0.992,0.0,17,,,0.356
energy_crisis_48,CoT,0.0,1.0,0.992,0.0,17,,,0.356
energy_crisis_48,CoT,0.0,1.0,0.992,0.0,17,,,0.356
energy_crisis_48,ToT,0.1,0.9,1.0,0.0,15,,,0.356
energy_crisis_48,ToT,0.1,0.9,1.0,0.0,15,,,0.356
energy_crisis_48,ToT,0.1,0.9,1.0,0.0,15,,,0.356
energy_crisis_48,GoT,0.0,1.0,1.0,0.0,14,,,0.356
energy_crisis_48,GoT,0.0,1.0,1.0,0.0,14,,,0.356
energy_crisis_48,GoT,0.0,1.0,1.0,0.0,14,,,0.356
energy_crisis_48,ReAct,0.1,0.9,0.985,0.0,16,,,0.356
energy_crisis_48,ReAct,0.1,0.9,0.985,0.0,16,,,0.356
energy_crisis_48,ReAct,0.1,0.9,0.985,0.0,16,,,0.356
energy_crisis_48,CPPTAI,0.2,0.8,0.995,0.007,84,0.85,3,0.356
energy_crisis_48,CPPTAI,0.2,0.8,0.995,0.006,84,0.85,3,0.356
energy_crisis_48,CPPTAI,0.2,0.8,0.995,0.007,84,0.85,3,0.356
energy_crisis_48,CPPTAI_no_IV,0.0,1.0,1.0,0.006,8,0.853,3,0.356
energy_crisis_48,CPPTAI_no_IV,0.0,1.0,1.0,0.007,8,0.853,3,0.356
energy_crisis_48,CPPTAI_no_IV,0.0,1.0,1.0,0.007,8,0.853,3,0.356
energy_crisis_48,CPPTAI_no_I,0.2,0.8,0.995,0.002,84,0.85,3,0.356
energy_crisis_48,CPPTAI_no_I,0.2,0.8,0.995,0.003,84,0.85,3,0.356
energy_crisis_48,CPPTAI_no_I,0.2,0.8,0.995,0.002,84,0.85,3,0.356
energy_crisis_49,CoT,0.0,1.0,0.992,0.0,17,,,0.379
energy_crisis_49,CoT,0.0,1.0,0.992,0.0,17,,,0.379
energy_crisis_49,CoT,0.0,1.0,0.992,0.0,17,,,0.379
energy_crisis_49,ToT,0.1,0.9,1.0,0.0,15,,,0.379
energy_crisis_49,ToT,0.1,0.9,1.0,0.0,15,,,0.379
energy_crisis_49,ToT,0.1,0.9,1.0,0.0,15,,,0.379
energy_crisis_49,GoT,0.0,1.0,1.0,0.0,14,,,0.379
energy_crisis_49,GoT,0.0,1.0,1.0,0.0,14,,,0.379
energy_crisis_49,GoT,0.0,1.0,1.0,0.0,14,,,0.379
energy_crisis_49,ReAct,0.1,0.9,0.985,0.0,16,,,0.379
energy_crisis_49,ReAct,0.1,0.9,0.985,0.0,16,,,0.379
energy_crisis_49,ReAct,0.1,0.9,0.985,0.0,16,,,0.379
energy_crisis_49,CPPTAI,0.3,0.7,0.996,0.007,92,0.842,3,0.379
energy_crisis_49,CPPTAI,0.3,0.7,0.996,0.007,92,0.842,3,0.379
energy_crisis_49,CPPTAI,0.3,0.7,0.996,0.007,92,0.842,3,0.379
energy_crisis_49,CPPTAI_no_IV,0.0,1.0,1.0,0.007,8,0.853,3,0.379
energy_crisis_49,CPPTAI_no_IV,0.0,1.0,1.0,0.007,8,0.853,3,0.379
energy_crisis_49,CPPTAI_no_IV,0.0,1.0,1.0,0.006,8,0.853,3,0.379
energy_crisis_49,CPPTAI_no_I,0.3,0.7,0.996,0.003,92,0.842,3,0.379
energy_crisis_49,CPPTAI_no_I,0.3,0.7,0.996,0.002,92,0.842,3,0.379
energy_crisis_49,CPPTAI_no_I,0.3,0.7,0.996,0.002,92,0.842,3,0.379
energy_crisis_50,CoT,0.0,1.0,0.992,0.0,17,,,0.379
energy_crisis_50,CoT,0.0,1.0,0.992,0.0,17,,,0.379
energy_crisis_50,CoT,0.0,1.0,0.992,0.0,17,,,0.379
energy_crisis_50,ToT,0.1,0.9,1.0,0.0,15,,,0.379
energy_crisis_50,ToT,0.1,0.9,1.0,0.0,15,,,0.379
energy_crisis_50,ToT,0.1,0.9,1.0,0.0,15,,,0.379
energy_crisis_50,GoT,0.0,1.0,1.0,0.0,14,,,0.379
energy_crisis_50,GoT,0.0,1.0,1.0,0.0,14,,,0.379
energy_crisis_50,GoT,0.0,1.0,1.0,0.0,14,,,0.379
energy_crisis_50,ReAct,0.1,0.9,0.985,0.0,16,,,0.379
energy_crisis_50,ReAct,0.1,0.9,0.985,0.0,16,,,0.379
energy_crisis_50,ReAct,0.1,0.9,0.985,0.0,16,,,0.379
energy_crisis_50,CPPTAI,0.3,0.7,0.996,0.007,92,0.842,3,0.379
energy_crisis_50,CPPTAI,0.3,0.7,0.996,0.007,92,0.842,3,0.379
energy_crisis_50,CPPTAI,0.3,0.7,0.996,0.007,92,0.842,3,0.379
energy_crisis_50,CPPTAI_no_IV,0.0,1.0,1.0,0.007,8,0.853,3,0.379
energy_crisis_50,CPPTAI_no_IV,0.0,1.0,1.0,0.007,8,0.853,3,0.379
energy_crisis_50,CPPTAI_no_IV,0.0,1.0,1.0,0.007,8,0.853,3,0.379
energy_crisis_50,CPPTAI_no_I,0.3,0.7,0.996,0.003,92,0.842,3,0.379
energy_crisis_50,CPPTAI_no_I,0.3,0.7,0.996,0.003,92,0.842,3,0.379
energy_crisis_50,CPPTAI_no_I,0.3,0.7,0.996,0.003,92,0.842,3,0.379
energy_crisis_51,CoT,0.0,1.0,0.992,0.0,17,,,0.345
energy_crisis_51,CoT,0.0,1.0,0.992,0.0,17,,,0.345
energy_crisis_51,CoT,0.0,1.0,0.992,0.0,17,,,0.345
energy_crisis_51,ToT,0.1,0.9,1.0,0.0,15,,,0.345
energy_crisis_51,ToT,0.1,0.9,1.0,0.0,15,,,0.345
energy_crisis_51,ToT,0.1,0.9,1.0,0.0,15,,,0.345
energy_crisis_51,GoT,0.0,1.0,1.0,0.0,14,,,0.345
energy_crisis_51,GoT,0.0,1.0,1.0,0.0,14,,,0.345
energy_crisis_51,GoT,0.0,1.0,1.0,0.0,14,,,0.345
energy_crisis_51,ReAct,0.1,0.9,0.985,0.0,16,,,0.345
energy_crisis_51,ReAct,0.1,0.9,0.985,0.0,16,,,0.345
energy_crisis_51,ReAct,0.1,0.9,0.985,0.0,16,,,0.345
energy_crisis_51,CPPTAI,0.2,0.8,0.995,0.013,84,0.852,3,0.345
energy_crisis_51,CPPTAI,0.2,0.8,0.995,0.007,84,0.852,3,0.345
energy_crisis_51,CPPTAI,0.2,0.8,0.995,0.007,84,0.852,3,0.345
energy_crisis_51,CPPTAI_no_IV,0.0,1.0,1.0,0.007,8,0.853,3,0.345
energy_crisis_51,CPPTAI_no_IV,0.0,1.0,1.0,0.007,8,0.853,3,0.345
energy_crisis_51,CPPTAI_no_IV,0.0,1.0,1.0,0.007,8,0.853,3,0.345
energy_crisis_51,CPPTAI_no_I,0.2,0.8,0.995,0.003,84,0.852,3,0.345
energy_crisis_51,CPPTAI_no_I,0.2,0.8,0.995,0.003,84,0.852,3,0.345
energy_crisis_51,CPPTAI_no_I,0.2,0.8,0.995,0.003,84,0.852,3,0.345
energy_crisis_52,CoT,0.0,1.0,0.992,0.0,17,,,0.345
energy_crisis_52,CoT,0.0,1.0,0.992,0.0,17,,,0.345
energy_crisis_52,CoT,0.0,1.0,0.992,0.0,17,,,0.345
energy_crisis_52,ToT,0.1,0.9,1.0,0.0,15,,,0.345
energy_crisis_52,ToT,0.1,0.9,1.0,0.0,15,,,0.345
energy_crisis_52,ToT,0.1,0.9,1.0,0.0,15,,,0.345
energy_crisis_52,GoT,0.0,1.0,1.0,0.0,14,,,0.345
energy_crisis_52,GoT,0.0,1.0,1.0,0.0,14,,,0.345
energy_crisis_52,GoT,0.0,1.0,1.0,0.0,14,,,0.345
energy_crisis_52,ReAct,0.1,0.9,0.985,0.0,16,,,0.345
energy_crisis_52,ReAct,0.1,0.9,0.985,0.0,16,,,0.345
energy_crisis_52,ReAct,0.1,0.9,0.985,0.0,16,,,0.345
energy_crisis_52,CPPTAI,0.2,0.8,0.995,0.008,83,0.852,3,0.345
energy_crisis_52,CPPTAI,0.2,0.8,0.995,0.008,83,0.852,3,0.345
energy_crisis_52,CPPTAI,0.2,0.8,0.995,0.008,83,0.852,3,0.345
energy_crisis_52,CPPTAI_no_IV,0.0,1.0,1.0,0.008,8,0.853,3,0.345
energy_crisis_52,CPPTAI_no_IV,0.0,1.0,1.0,0.008,8,0.853,3,0.345
energy_crisis_52,CPPTAI_no_IV,0.0,1.0,1.0,0.007,8,0.853,3,0.345
energy_crisis_52,CPPTAI_no_I,0.2,0.8,0.995,0.003,83,0.852,3,0.345
energy_crisis_52,CPPTAI_no_I,0.2,0.8,0.995,0.003,83,0.852,3,0.345
energy_crisis_52,CPPTAI_no_I,0.2,0.8,0.995,0.003,83,0.852,3,0.345
gsm8k_1,CoT,0.0,1.0,0.992,0.0,17,,,0.598
gsm8k_1,CoT,0.0,1.0,0.992,0.0,17,,,0.598
gsm8k_1,CoT,0.0,1.0,0.992,0.0,17,,,0.598
gsm8k_1,ToT,0.0,1.0,1.0,0.0,15,,,0.598
gsm8k_1,ToT,0.0,1.0,1.0,0.0,15,,,0.598
gsm8k_1,ToT,0.0,1.0,1.0,0.0,15,,,0.598
gsm8k_1,GoT,0.0,1.0,1.0,0.0,14,,,0.598
gsm8k_1,GoT,0.0,1.0,1.0,0.0,14,,,0.598
gsm8k_1,GoT,0.0,1.0,1.0,0.0,14,,,0.598
gsm8k_1,ReAct,0.0,1.0,0.985,0.0,16,,,0.598
gsm8k_1,ReAct,0.0,1.0,0.985,0.0,16,,,0.598
gsm8k_1,ReAct,0.0,1.0,0.985,0.0,16,,,0.598
gsm8k_1,CPPTAI,0.0,1.0,0.996,0.008,67,0.841,3,0.598
gsm8k_1,CPPTAI,0.0,1.0,0.996,0.007,67,0.841,3,0.598
gsm8k_1,CPPTAI,0.0,1.0,0.996,0.008,67,0.841,3,0.598
gsm8k_1,CPPTAI_no_IV,0.0,1.0,1.0,0.007,8,0.853,3,0.598
gsm8k_1,CPPTAI_no_IV,0.0,1.0,1.0,0.008,8,0.853,3,0.598
gsm8k_1,CPPTAI_no_IV,0.0,1.0,1.0,0.007,8,0.853,3,0.598
gsm8k_1,CPPTAI_no_I,0.0,1.0,0.996,0.003,67,0.841,3,0.598
gsm8k_1,CPPTAI_no_I,0.0,1.0,0.996,0.003,67,0.841,3,0.598
gsm8k_1,CPPTAI_no_I,0.0,1.0,0.996,0.002,67,0.841,3,0.598
gsm8k_2,CoT,0.0,1.0,0.992,0.0,17,,,0.253
gsm8k_2,CoT,0.0,1.0,0.992,0.0,17,,,0.253
gsm8k_2,CoT,0.0,1.0,0.992,0.0,17,,,0.253
gsm8k_2,ToT,0.0,1.0,1.0,0.0,15,,,0.253
gsm8k_2,ToT,0.0,1.0,1.0,0.0,15,,,0.253
gsm8k_2,ToT,0.0,1.0,1.0,0.0,15,,,0.253
gsm8k_2,GoT,0.0,1.0,1.0,0.0,14,,,0.253
gsm8k_2,GoT,0.0,1.0,1.0,0.0,14,,,0.253
gsm8k_2,GoT,0.0,1.0,1.0,0.0,14,,,0.253
gsm8k_2,ReAct,0.0,1.0,0.985,0.0,16,,,0.253
gsm8k_2,ReAct,0.0,1.0,0.985,0.0,16,,,0.253
gsm8k_2,ReAct,0.0,1.0,0.985,0.0,16,,,0.253
gsm8k_2,CPPTAI,0.0,1.0,0.996,0.007,68,0.84,3,0.253
gsm8k_2,CPPTAI,0.0,1.0,0.996,0.007,68,0.84,3,0.253
gsm8k_2,CPPTAI,0.0,1.0,0.996,0.007,68,0.84,3,0.253
gsm8k_2,CPPTAI_no_IV,0.0,1.0,1.0,0.008,8,0.853,3,0.253
gsm8k_2,CPPTAI_no_IV,0.0,1.0,1.0,0.007,8,0.853,3,0.253
gsm8k_2,CPPTAI_no_IV,0.0,1.0,1.0,0.007,8,0.853,3,0.253
gsm8k_2,CPPTAI_no_I,0.0,1.0,0.996,0.003,68,0.84,3,0.253
gsm8k_2,CPPTAI_no_I,0.0,1.0,0.996,0.003,68,0.84,3,0.253
gsm8k_2,CPPTAI_no_I,0.0,1.0,0.996,0.003,68,0.84,3,0.253
gsm8k_3,CoT,0.0,1.0,0.992,0.0,17,,,0.402
gsm8k_3,CoT,0.0,1.0,0.992,0.0,17,,,0.402
gsm8k_3,CoT,0.0,1.0,0.992,0.0,17,,,0.402
gsm8k_3,ToT,0.0,1.0,1.0,0.0,15,,,0.402
gsm8k_3,ToT,0.0,1.0,1.0,0.0,15,,,0.402
gsm8k_3,ToT,0.0,1.0,1.0,0.0,15,,,0.402
gsm8k_3,GoT,0.0,1.0,1.0,0.0,14,,,0.402
gsm8k_3,GoT,0.0,1.0,1.0,0.0,14,,,0.402
gsm8k_3,GoT,0.0,1.0,1.0,0.0,14,,,0.402
gsm8k_3,ReAct,0.0,1.0,0.985,0.0,16,,,0.402
gsm8k_3,ReAct,0.0,1.0,0.985,0.0,16,,,0.402
gsm8k_3,ReAct,0.0,1.0,0.985,0.0,16,,,0.402
gsm8k_3,CPPTAI,0.0,1.0,0.996,0.008,66,0.842,3,0.402
gsm8k_3,CPPTAI,0.0,1.0,0.996,0.008,66,0.842,3,0.402
gsm8k_3,CPPTAI,0.0,1.0,0.996,0.007,66,0.842,3,0.402
gsm8k_3,CPPTAI_no_IV,0.0,1.0,1.0,0.007,8,0.853,3,0.402
gsm8k_3,CPPTAI_no_IV,0.0,1.0,1.0,0.007,8,0.853,3,0.402
gsm8k_3,CPPTAI_no_IV,0.0,1.0,1.0,0.007,8,0.853,3,0.402
gsm8k_3,CPPTAI_no_I,0.0,1.0,0.996,0.003,66,0.841,3,0.402
gsm8k_3,CPPTAI_no_I,0.0,1.0,0.996,0.003,66,0.841,3,0.402
gsm8k_3,CPPTAI_no_I,0.0,1.0,0.996,0.003,66,0.841,3,0.402
gsm8k_4,CoT,0.0,1.0,0.992,0.0,17,,,0.287
gsm8k_4,CoT,0.0,1.0,0.992,0.0,17,,,0.287
gsm8k_4,CoT,0.0,1.0,0.992,0.0,17,,,0.287
gsm8k_4,ToT,0.0,1.0,1.0,0.0,15,,,0.287
gsm8k_4,ToT,0.0,1.0,1.0,0.0,15,,,0.287
gsm8k_4,ToT,0.0,1.0,1.0,0.0,15,,,0.287
gsm8k_4,GoT,0.0,1.0,1.0,0.0,14,,,0.287
gsm8k_4,GoT,0.0,1.0,1.0,0.0,14,,,0.287
gsm8k_4,GoT,0.0,1.0,1.0,0.0,14,,,0.287
gsm8k_4,ReAct,0.0,1.0,0.985,0.0,16,,,0.287
gsm8k_4,ReAct,0.0,1.0,0.985,0.0,16,,,0.287
gsm8k_4,ReAct,0.0,1.0,0.985,0.0,16,,,0.287
gsm8k_4,CPPTAI,0.0,1.0,0.996,0.008,66,0.842,3,0.287
gsm8k_4,CPPTAI,0.0,1.0,0.996,0.007,66,0.842,3,0.287
gsm8k_4,CPPTAI,0.0,1.0,0.996,0.007,66,0.842,3,0.287
gsm8k_4,CPPTAI_no_IV,0.0,1.0,1.0,0.008,8,0.853,3,0.287
gsm8k_4,CPPTAI_no_IV,0.0,1.0,1.0,0.007,8,0.853,3,0.287
gsm8k_4,CPPTAI_no_IV,0.0,1.0,1.0,0.007,8,0.853,3,0.287
gsm8k_4,CPPTAI_no_I,0.0,1.0,0.996,0.003,66,0.842,3,0.287
gsm8k_4,CPPTAI_no_I,0.0,1.0,0.996,0.002,66,0.842,3,0.287
gsm8k_4,CPPTAI_no_I,0.0,1.0,0.996,0.002,66,0.842,3,0.287
gsm8k_5,CoT,0.0,1.0,0.992,0.0,17,,,1.0
gsm8k_5,CoT,0.0,1.0,0.992,0.0,17,,,1.0
gsm8k_5,CoT,0.0,1.0,0.992,0.0,17,,,1.0
gsm8k_5,ToT,0.0,1.0,1.0,0.0,15,,,1.0
gsm8k_5,ToT,0.0,1.0,1.0,0.0,15,,,1.0
gsm8k_5,ToT,0.0,1.0,1.0,0.0,15,,,1.0
gsm8k_5,GoT,0.0,1.0,1.0,0.0,14,,,1.0
gsm8k_5,GoT,0.0,1.0,1.0,0.0,14,,,1.0
gsm8k_5,GoT,0.0,1.0,1.0,0.0,14,,,1.0
gsm8k_5,ReAct,0.0,1.0,0.985,0.0,16,,,1.0
gsm8k_5,ReAct,0.0,1.0,0.985,0.0,16,,,1.0
gsm8k_5,ReAct,0.0,1.0,0.985,0.0,16,,,1.0
gsm8k_5,CPPTAI,0.0,1.0,0.996,0.008,66,0.841,3,1.0
gsm8k_5,CPPTAI,0.0,1.0,0.996,0.008,66,0.841,3,1.0
gsm8k_5,CPPTAI,0.0,1.0,0.996,0.008,66,0.841,3,1.0
gsm8k_5,CPPTAI_no_IV,0.0,1.0,1.0,0.008,8,0.853,3,1.0
gsm8k_5,CPPTAI_no_IV,0.0,1.0,1.0,0.007,8,0.853,3,1.0
gsm8k_5,CPPTAI_no_IV,0.0,1.0,1.0,0.007,8,0.853,3,1.0
gsm8k_5,CPPTAI_no_I,0.0,1.0,0.996,0.003,66,0.841,3,1.0
gsm8k_5,CPPTAI_no_I,0.0,1.0,0.996,0.003,66,0.841,3,1.0
gsm8k_5,CPPTAI_no_I,0.0,1.0,0.996,0.003,66,0.841,3,1.0
math_1,CoT,0.0,1.0,0.992,0.0,17,,,0.092
math_1,CoT,0.0,1.0,0.992,0.0,17,,,0.092
math_1,CoT,0.0,1.0,0.992,0.0,17,,,0.092
math_1,ToT,0.0,1.0,1.0,0.0,15,,,0.092
math_1,ToT,0.0,1.0,1.0,0.0,15,,,0.092
math_1,ToT,0.0,1.0,1.0,0.0,15,,,0.092
math_1,GoT,0.0,1.0,1.0,0.0,14,,,0.092
math_1,GoT,0.0,1.0,1.0,0.0,14,,,0.092
math_1,GoT,0.0,1.0,1.0,0.0,14,,,0.092
math_1,ReAct,0.0,1.0,0.985,0.0,16,,,0.092
math_1,ReAct,0.0,1.0,0.985,0.0,16,,,0.092
math_1,ReAct,0.0,1.0,0.985,0.0,16,,,0.092
math_1,CPPTAI,0.0,1.0,0.996,0.008,68,0.849,3,0.092
math_1,CPPTAI,0.0,1.0,0.996,0.008,68,0.849,3,0.092
math_1,CPPTAI,0.0,1.0,0.996,0.008,68,0.849,3,0.092
math_1,CPPTAI_no_IV,0.0,1.0,1.0,0.008,8,0.845,3,0.092
math_1,CPPTAI_no_IV,0.0,1.0,1.0,0.008,8,0.845,3,0.092
math_1,CPPTAI_no_IV,0.0,1.0,1.0,0.008,8,0.845,3,0.092
math_1,CPPTAI_no_I,0.0,1.0,0.996,0.003,68,0.851,3,0.092
math_1,CPPTAI_no_I,0.0,1.0,0.996,0.003,68,0.851,3,0.092
math_1,CPPTAI_no_I,0.0,1.0,0.996,0.003,68,0.851,3,0.092
math_2,CoT,0.0,1.0,0.992,0.0,17,,,0.092
math_2,CoT,0.0,1.0,0.992,0.0,17,,,0.092
math_2,CoT,0.0,1.0,0.992,0.0,17,,,0.092
math_2,ToT,0.0,1.0,1.0,0.0,15,,,0.092
math_2,ToT,0.0,1.0,1.0,0.0,15,,,0.092
math_2,ToT,0.0,1.0,1.0,0.0,15,,,0.092
math_2,GoT,0.0,1.0,1.0,0.0,14,,,0.092
math_2,GoT,0.0,1.0,1.0,0.0,14,,,0.092
math_2,GoT,0.0,1.0,1.0,0.0,14,,,0.092
math_2,ReAct,0.0,1.0,0.985,0.0,16,,,0.092
math_2,ReAct,0.0,1.0,0.985,0.0,16,,,0.092
math_2,ReAct,0.0,1.0,0.985,0.0,16,,,0.092
math_2,CPPTAI,0.0,1.0,0.996,0.009,68,0.847,3,0.092
math_2,CPPTAI,0.0,1.0,0.996,0.008,68,0.847,3,0.092
math_2,CPPTAI,0.0,1.0,0.996,0.008,68,0.847,3,0.092
math_2,CPPTAI_no_IV,0.0,1.0,1.0,0.008,8,0.845,3,0.092
math_2,CPPTAI_no_IV,0.0,1.0,1.0,0.007,8,0.845,3,0.092
math_2,CPPTAI_no_IV,0.0,1.0,1.0,0.007,8,0.845,3,0.092
math_2,CPPTAI_no_I,0.0,1.0,0.996,0.003,68,0.85,3,0.092
math_2,CPPTAI_no_I,0.0,1.0,0.996,0.003,68,0.85,3,0.092
math_2,CPPTAI_no_I,0.0,1.0,0.996,0.003,68,0.85,3,0.092
math_3,CoT,0.0,1.0,0.992,0.0,17,,,0.092
math_3,CoT,0.0,1.0,0.992,0.0,17,,,0.092
math_3,CoT,0.0,1.0,0.992,0.0,17,,,0.092
math_3,ToT,0.0,1.0,1.0,0.0,15,,,0.092
math_3,ToT,0.0,1.0,1.0,0.0,15,,,0.092
math_3,ToT,0.0,1.0,1.0,0.0,15,,,0.092
math_3,GoT,0.0,1.0,1.0,0.0,14,,,0.092
math_3,GoT,0.0,1.0,1.0,0.0,14,,,0.092
math_3,GoT,0.0,1.0,1.0,0.0,14,,,0.092
math_3,ReAct,0.0,1.0,0.985,0.0,16,,,0.092
math_3,ReAct,0.0,1.0,0.985,0.0,16,,,0.092
math_3,ReAct,0.0,1.0,0.985,0.0,16,,,0.092
math_3,CPPTAI,0.0,1.0,0.996,0.008,68,0.845,3,0.092
math_3,CPPTAI,0.0,1.0,0.996,0.008,68,0.845,3,0.092
math_3,CPPTAI,0.0,1.0,0.996,0.008,68,0.845,3,0.092
math_3,CPPTAI_no_IV,0.0,1.0,1.0,0.008,8,0.845,3,0.092
math_3,CPPTAI_no_IV,0.0,1.0,1.0,0.008,8,0.845,3,0.092
math_3,CPPTAI_no_IV,0.0,1.0,1.0,0.008,8,0.845,3,0.092
math_3,CPPTAI_no_I,0.0,1.0,0.996,0.003,68,0.848,3,0.092
math_3,CPPTAI_no_I,0.0,1.0,0.996,0.003,68,0.848,3,0.092
math_3,CPPTAI_no_I,0.0,1.0,0.996,0.003,68,0.848,3,0.092
math_4,CoT,0.0,1.0,0.992,0.0,17,,,0.092
math_4,CoT,0.0,1.0,0.992,0.0,17,,,0.092
math_4,CoT,0.0,1.0,0.992,0.0,17,,,0.092
math_4,ToT,0.0,1.0,1.0,0.0,15,,,0.092
math_4,ToT,0.0,1.0,1.0,0.0,15,,,0.092
math_4,ToT,0.0,1.0,1.0,0.0,15,,,0.092
math_4,GoT,0.0,1.0,1.0,0.0,14,,,0.092
math_4,GoT,0.0,1.0,1.0,0.0,14,,,0.092
math_4,GoT,0.0,1.0,1.0,0.0,14,,,0.092
math_4,ReAct,0.0,1.0,0.985,0.0,16,,,0.092
math_4,ReAct,0.0,1.0,0.985,0.0,16,,,0.092
math_4,ReAct,0.0,1.0,0.985,0.0,16,,,0.092
math_4,CPPTAI,0.0,1.0,0.996,0.008,68,0.847,3,0.092
math_4,CPPTAI,0.0,1.0,0.996,0.008,68,0.847,3,0.092
math_4,CPPTAI,0.0,1.0,0.996,0.007,68,0.847,3,0.092
math_4,CPPTAI_no_IV,0.0,1.0,1.0,0.008,8,0.845,3,0.092
math_4,CPPTAI_no_IV,0.0,1.0,1.0,0.008,8,0.845,3,0.092
math_4,CPPTAI_no_IV,0.0,1.0,1.0,0.008,8,0.845,3,0.092
math_4,CPPTAI_no_I,0.0,1.0,0.996,0.003,68,0.85,3,0.092
math_4,CPPTAI_no_I,0.0,1.0,0.996,0.003,68,0.85,3,0.092
math_4,CPPTAI_no_I,0.0,1.0,0.996,0.003,68,0.85,3,0.092
math_5,CoT,0.0,1.0,0.992,0.0,17,,,0.092
math_5,CoT,0.0,1.0,0.992,0.0,17,,,0.092
math_5,CoT,0.0,1.0,0.992,0.0,17,,,0.092
math_5,ToT,0.0,1.0,1.0,0.0,15,,,0.092
math_5,ToT,0.0,1.0,1.0,0.0,15,,,0.092
math_5,ToT,0.0,1.0,1.0,0.0,15,,,0.092
math_5,GoT,0.0,1.0,1.0,0.0,14,,,0.092
math_5,GoT,0.0,1.0,1.0,0.0,14,,,0.092
math_5,GoT,0.0,1.0,1.0,0.0,14,,,0.092
math_5,ReAct,0.0,1.0,0.985,0.0,16,,,0.092
math_5,ReAct,0.0,1.0,0.985,0.0,16,,,0.092
math_5,ReAct,0.0,1.0,0.985,0.0,16,,,0.092
math_5,CPPTAI,0.0,1.0,0.996,0.009,68,0.847,3,0.092
math_5,CPPTAI,0.0,1.0,0.996,0.008,68,0.847,3,0.092
math_5,CPPTAI,0.0,1.0,0.996,0.007,68,0.847,3,0.092
math_5,CPPTAI_no_IV,0.0,1.0,1.0,0.008,8,0.845,3,0.092
math_5,CPPTAI_no_IV,0.0,1.0,1.0,0.008,8,0.845,3,0.092
math_5,CPPTAI_no_IV,0.0,1.0,1.0,0.008,8,0.845,3,0.092
math_5,CPPTAI_no_I,0.0,1.0,0.996,0.003,68,0.85,3,0.092
math_5,CPPTAI_no_I,0.0,1.0,0.996,0.003,68,0.85,3,0.092
math_5,CPPTAI_no_I,0.0,1.0,0.996,0.003,68,0.85,3,0.092
he_1,CoT,0.0,1.0,0.992,0.0,17,,,0.529
he_1,CoT,0.0,1.0,0.992,0.0,17,,,0.529
he_1,CoT,0.0,1.0,0.992,0.0,17,,,0.529
he_1,ToT,0.0,1.0,1.0,0.0,15,,,0.529
he_1,ToT,0.0,1.0,1.0,0.0,15,,,0.529
he_1,ToT,0.0,1.0,1.0,0.0,15,,,0.529
he_1,GoT,0.0,1.0,1.0,0.0,14,,,0.529
he_1,GoT,0.0,1.0,1.0,0.0,14,,,0.529
he_1,GoT,0.0,1.0,1.0,0.0,14,,,0.529
he_1,ReAct,0.0,1.0,0.985,0.0,16,,,0.529
he_1,ReAct,0.0,1.0,0.985,0.0,16,,,0.529
he_1,ReAct,0.0,1.0,0.985,0.0,16,,,0.529
he_1,CPPTAI,0.0,1.0,0.996,0.008,66,0.844,3,0.529
he_1,CPPTAI,0.0,1.0,0.996,0.008,66,0.844,3,0.529
he_1,CPPTAI,0.0,1.0,0.996,0.009,66,0.844,3,0.529
he_1,CPPTAI_no_IV,0.0,1.0,1.0,0.008,8,0.853,3,0.529
he_1,CPPTAI_no_IV,0.0,1.0,1.0,0.008,8,0.853,3,0.529
he_1,CPPTAI_no_IV,0.0,1.0,1.0,0.008,8,0.853,3,0.529
he_1,CPPTAI_no_I,0.0,1.0,0.996,0.003,66,0.844,3,0.529
he_1,CPPTAI_no_I,0.0,1.0,0.996,0.003,66,0.844,3,0.529
he_1,CPPTAI_no_I,0.0,1.0,0.996,0.003,66,0.844,3,0.529
he_2,CoT,0.0,1.0,0.992,0.0,17,,,0.851
he_2,CoT,0.0,1.0,0.992,0.0,17,,,0.851
he_2,CoT,0.0,1.0,0.992,0.0,17,,,0.851
he_2,ToT,0.0,1.0,1.0,0.0,15,,,0.851
he_2,ToT,0.0,1.0,1.0,0.0,15,,,0.851
he_2,ToT,0.0,1.0,1.0,0.0,15,,,0.851
he_2,GoT,0.0,1.0,1.0,0.0,14,,,0.851
he_2,GoT,0.0,1.0,1.0,0.0,14,,,0.851
he_2,GoT,0.0,1.0,1.0,0.0,14,,,0.851
he_2,ReAct,0.0,1.0,0.985,0.0,16,,,0.851
he_2,ReAct,0.0,1.0,0.985,0.0,16,,,0.851
he_2,ReAct,0.0,1.0,0.985,0.0,16,,,0.851
he_2,CPPTAI,0.0,1.0,0.996,0.009,66,0.845,3,0.851
he_2,CPPTAI,0.0,1.0,0.996,0.01,66,0.845,3,0.851
he_2,CPPTAI,0.0,1.0,0.996,0.009,66,0.845,3,0.851
he_2,CPPTAI_no_IV,0.0,1.0,1.0,0.009,8,0.853,3,0.851
he_2,CPPTAI_no_IV,0.0,1.0,1.0,0.008,8,0.853,3,0.851
he_2,CPPTAI_no_IV,0.0,1.0,1.0,0.009,8,0.853,3,0.851
he_2,CPPTAI_no_I,0.0,1.0,0.996,0.004,66,0.844,3,0.851
he_2,CPPTAI_no_I,0.0,1.0,0.996,0.003,66,0.844,3,0.851
he_2,CPPTAI_no_I,0.0,1.0,0.996,0.003,66,0.844,3,0.851
he_3,CoT,0.0,1.0,0.992,0.0,17,,,0.517
he_3,CoT,0.0,1.0,0.992,0.0,17,,,0.517
he_3,CoT,0.0,1.0,0.992,0.0,17,,,0.517
he_3,ToT,0.0,1.0,1.0,0.0,15,,,0.517
he_3,ToT,0.0,1.0,1.0,0.0,15,,,0.517
he_3,ToT,0.0,1.0,1.0,0.0,15,,,0.517
he_3,GoT,0.0,1.0,1.0,0.0,14,,,0.517
he_3,GoT,0.0,1.0,1.0,0.0,14,,,0.517
he_3,GoT,0.0,1.0,1.0,0.0,14,,,0.517
he_3,ReAct,0.0,1.0,0.985,0.0,16,,,0.517
he_3,ReAct,0.0,1.0,0.985,0.0,16,,,0.517
he_3,ReAct,0.0,1.0,0.985,0.0,16,,,0.517
he_3,CPPTAI,0.0,1.0,0.996,0.01,64,0.842,3,0.517
he_3,CPPTAI,0.0,1.0,0.996,0.011,64,0.842,3,0.517
he_3,CPPTAI,0.0,1.0,0.996,0.01,64,0.842,3,0.517
he_3,CPPTAI_no_IV,0.0,1.0,1.0,0.01,8,0.853,3,0.517
he_3,CPPTAI_no_IV,0.0,1.0,1.0,0.009,8,0.853,3,0.517
he_3,CPPTAI_no_IV,0.0,1.0,1.0,0.008,8,0.853,3,0.517
he_3,CPPTAI_no_I,0.0,1.0,0.996,0.003,64,0.842,3,0.517
he_3,CPPTAI_no_I,0.0,1.0,0.996,0.003,64,0.842,3,0.517
he_3,CPPTAI_no_I,0.0,1.0,0.996,0.003,64,0.842,3,0.517
he_4,CoT,0.0,1.0,0.992,0.0,17,,,0.793
he_4,CoT,0.0,1.0,0.992,0.0,17,,,0.793
he_4,CoT,0.0,1.0,0.992,0.0,17,,,0.793
he_4,ToT,0.0,1.0,1.0,0.0,15,,,0.793
he_4,ToT,0.0,1.0,1.0,0.0,15,,,0.793
he_4,ToT,0.0,1.0,1.0,0.0,15,,,0.793
he_4,GoT,0.0,1.0,1.0,0.0,14,,,0.793
he_4,GoT,0.0,1.0,1.0,0.0,14,,,0.793
he_4,GoT,0.0,1.0,1.0,0.0,14,,,0.793
he_4,ReAct,0.0,1.0,0.985,0.0,16,,,0.793
he_4,ReAct,0.0,1.0,0.985,0.0,16,,,0.793
he_4,ReAct,0.0,1.0,0.985,0.0,16,,,0.793
he_4,CPPTAI,0.0,1.0,0.996,0.009,66,0.844,3,0.793
he_4,CPPTAI,0.0,1.0,0.996,0.009,66,0.844,3,0.793
he_4,CPPTAI,0.0,1.0,0.996,0.009,66,0.844,3,0.793
he_4,CPPTAI_no_IV,0.0,1.0,1.0,0.009,8,0.853,3,0.793
he_4,CPPTAI_no_IV,0.0,1.0,1.0,0.009,8,0.853,3,0.793
he_4,CPPTAI_no_IV,0.0,1.0,1.0,0.009,8,0.853,3,0.793
he_4,CPPTAI_no_I,0.0,1.0,0.996,0.003,66,0.844,3,0.793
he_4,CPPTAI_no_I,0.0,1.0,0.996,0.003,66,0.844,3,0.793
he_4,CPPTAI_no_I,0.0,1.0,0.996,0.003,66,0.844,3,0.793
he_5,CoT,0.0,1.0,0.992,0.0,17,,,0.69
he_5,CoT,0.0,1.0,0.992,0.0,17,,,0.69
he_5,CoT,0.0,1.0,0.992,0.0,17,,,0.69
he_5,ToT,0.0,1.0,1.0,0.0,15,,,0.69
he_5,ToT,0.0,1.0,1.0,0.0,15,,,0.69
he_5,ToT,0.0,1.0,1.0,0.0,15,,,0.69
he_5,GoT,0.0,1.0,1.0,0.0,14,,,0.69
he_5,GoT,0.0,1.0,1.0,0.0,14,,,0.69
he_5,GoT,0.0,1.0,1.0,0.0,14,,,0.69
he_5,ReAct,0.0,1.0,0.985,0.0,16,,,0.69
he_5,ReAct,0.0,1.0,0.985,0.0,16,,,0.69
he_5,ReAct,0.0,1.0,0.985,0.0,16,,,0.69
he_5,CPPTAI,0.0,1.0,0.998,0.009,71,0.842,3,0.69
he_5,CPPTAI,0.0,1.0,0.998,0.01,71,0.842,3,0.69
he_5,CPPTAI,0.0,1.0,0.998,0.012,71,0.842,3,0.69
he_5,CPPTAI_no_IV,0.0,1.0,1.0,0.01,8,0.853,3,0.69
he_5,CPPTAI_no_IV,0.0,1.0,1.0,0.009,8,0.853,3,0.69
he_5,CPPTAI_no_IV,0.0,1.0,1.0,0.01,8,0.853,3,0.69
he_5,CPPTAI_no_I,0.0,1.0,0.998,0.004,71,0.842,3,0.69
he_5,CPPTAI_no_I,0.0,1.0,0.998,0.003,71,0.842,3,0.69
he_5,CPPTAI_no_I,0.0,1.0,0.998,0.003,71,0.842,3,0.69
scibench_1,CoT,0.0,1.0,0.992,0.0,17,,,0.138
scibench_1,CoT,0.0,1.0,0.992,0.0,17,,,0.138
scibench_1,CoT,0.0,1.0,0.992,0.0,17,,,0.138
scibench_1,ToT,0.0,1.0,1.0,0.0,15,,,0.138
scibench_1,ToT,0.0,1.0,1.0,0.0,15,,,0.138
scibench_1,ToT,0.0,1.0,1.0,0.0,15,,,0.138
scibench_1,GoT,0.0,1.0,1.0,0.0,14,,,0.138
scibench_1,GoT,0.0,1.0,1.0,0.0,14,,,0.138
scibench_1,GoT,0.0,1.0,1.0,0.0,14,,,0.138
scibench_1,ReAct,0.0,1.0,0.985,0.0,16,,,0.138
scibench_1,ReAct,0.0,1.0,0.985,0.0,16,,,0.138
scibench_1,ReAct,0.0,1.0,0.985,0.0,16,,,0.138
scibench_1,CPPTAI,0.0,1.0,0.993,0.009,79,0.844,3,0.138
scibench_1,CPPTAI,0.0,1.0,0.993,0.009,79,0.844,3,0.138
scibench_1,CPPTAI,0.0,1.0,0.993,0.009,79,0.844,3,0.138
scibench_1,CPPTAI_no_IV,0.0,1.0,1.0,0.009,8,0.853,3,0.138
scibench_1,CPPTAI_no_IV,0.0,1.0,1.0,0.009,8,0.853,3,0.138
scibench_1,CPPTAI_no_IV,0.0,1.0,1.0,0.009,8,0.853,3,0.138
scibench_1,CPPTAI_no_I,0.0,1.0,0.993,0.003,79,0.844,3,0.138
scibench_1,CPPTAI_no_I,0.0,1.0,0.993,0.003,79,0.844,3,0.138
scibench_1,CPPTAI_no_I,0.0,1.0,0.993,0.003,79,0.844,3,0.138
scibench_2,CoT,0.0,1.0,0.992,0.0,17,,,0.138
scibench_2,CoT,0.0,1.0,0.992,0.0,17,,,0.138
scibench_2,CoT,0.0,1.0,0.992,0.0,17,,,0.138
scibench_2,ToT,0.0,1.0,1.0,0.0,15,,,0.138
scibench_2,ToT,0.0,1.0,1.0,0.0,15,,,0.138
scibench_2,ToT,0.0,1.0,1.0,0.0,15,,,0.138
scibench_2,GoT,0.0,1.0,1.0,0.0,14,,,0.138
scibench_2,GoT,0.0,1.0,1.0,0.0,14,,,0.138
scibench_2,GoT,0.0,1.0,1.0,0.0,14,,,0.138
scibench_2,ReAct,0.0,1.0,0.985,0.0,16,,,0.138
scibench_2,ReAct,0.0,1.0,0.985,0.0,16,,,0.138
scibench_2,ReAct,0.0,1.0,0.985,0.0,16,,,0.138
scibench_2,CPPTAI,0.0,1.0,0.993,0.009,79,0.844,3,0.138
scibench_2,CPPTAI,0.0,1.0,0.993,0.009,79,0.844,3,0.138
scibench_2,CPPTAI,0.0,1.0,0.993,0.01,79,0.844,3,0.138
scibench_2,CPPTAI_no_IV,0.0,1.0,1.0,0.011,8,0.853,3,0.138
scibench_2,CPPTAI_no_IV,0.0,1.0,1.0,0.01,8,0.853,3,0.138
scibench_2,CPPTAI_no_IV,0.0,1.0,1.0,0.009,8,0.853,3,0.138
scibench_2,CPPTAI_no_I,0.0,1.0,0.993,0.004,79,0.844,3,0.138
scibench_2,CPPTAI_no_I,0.0,1.0,0.993,0.003,79,0.844,3,0.138
scibench_2,CPPTAI_no_I,0.0,1.0,0.993,0.003,79,0.844,3,0.138
scibench_3,CoT,0.0,1.0,0.992,0.0,17,,,0.138
scibench_3,CoT,0.0,1.0,0.992,0.0,17,,,0.138
scibench_3,CoT,0.0,1.0,0.992,0.0,17,,,0.138
scibench_3,ToT,0.0,1.0,1.0,0.0,15,,,0.138
scibench_3,ToT,0.0,1.0,1.0,0.0,15,,,0.138
scibench_3,ToT,0.0,1.0,1.0,0.0,15,,,0.138
scibench_3,GoT,0.0,1.0,1.0,0.0,14,,,0.138
scibench_3,GoT,0.0,1.0,1.0,0.0,14,,,0.138
scibench_3,GoT,0.0,1.0,1.0,0.0,14,,,0.138
scibench_3,ReAct,0.0,1.0,0.985,0.0,16,,,0.138
scibench_3,ReAct,0.0,1.0,0.985,0.0,16,,,0.138
scibench_3,ReAct,0.0,1.0,0.985,0.0,16,,,0.138
scibench_3,CPPTAI,0.0,1.0,0.993,0.009,79,0.844,3,0.138
scibench_3,CPPTAI,0.0,1.0,0.993,0.009,79,0.844,3,0.138
scibench_3,CPPTAI,0.0,1.0,0.993,0.009,79,0.844,3,0.138
scibench_3,CPPTAI_no_IV,0.0,1.0,1.0,0.01,8,0.853,3,0.138
scibench_3,CPPTAI_no_IV,0.0,1.0,1.0,0.009,8,0.853,3,0.138
scibench_3,CPPTAI_no_IV,0.0,1.0,1.0,0.009,8,0.853,3,0.138
scibench_3,CPPTAI_no_I,0.0,1.0,0.993,0.003,79,0.844,3,0.138
scibench_3,CPPTAI_no_I,0.0,1.0,0.993,0.003,79,0.844,3,0.138
scibench_3,CPPTAI_no_I,0.0,1.0,0.993,0.003,79,0.844,3,0.138
scibench_4,CoT,0.0,1.0,0.992,0.0,17,,,0.138
scibench_4,CoT,0.0,1.0,0.992,0.0,17,,,0.138
scibench_4,CoT,0.0,1.0,0.992,0.0,17,,,0.138
scibench_4,ToT,0.0,1.0,1.0,0.0,15,,,0.138
scibench_4,ToT,0.0,1.0,1.0,0.0,15,,,0.138
scibench_4,ToT,0.0,1.0,1.0,0.0,15,,,0.138
scibench_4,GoT,0.0,1.0,1.0,0.0,14,,,0.138
scibench_4,GoT,0.0,1.0,1.0,0.0,14,,,0.138
scibench_4,GoT,0.0,1.0,1.0,0.0,14,,,0.138
scibench_4,ReAct,0.0,1.0,0.985,0.0,16,,,0.138
scibench_4,ReAct,0.0,1.0,0.985,0.0,16,,,0.138
scibench_4,ReAct,0.0,1.0,0.985,0.0,16,,,0.138
scibench_4,CPPTAI,0.0,1.0,0.993,0.01,79,0.844,3,0.138
scibench_4,CPPTAI,0.0,1.0,0.993,0.01,79,0.844,3,0.138
scibench_4,CPPTAI,0.0,1.0,0.993,0.009,79,0.844,3,0.138
scibench_4,CPPTAI_no_IV,0.0,1.0,1.0,0.01,8,0.853,3,0.138
scibench_4,CPPTAI_no_IV,0.0,1.0,1.0,0.009,8,0.853,3,0.138
scibench_4,CPPTAI_no_IV,0.0,1.0,1.0,0.009,8,0.853,3,0.138
scibench_4,CPPTAI_no_I,0.0,1.0,0.993,0.004,79,0.844,3,0.138
scibench_4,CPPTAI_no_I,0.0,1.0,0.993,0.003,79,0.844,3,0.138
scibench_4,CPPTAI_no_I,0.0,1.0,0.993,0.003,79,0.844,3,0.138
scibench_5,CoT,0.0,1.0,0.992,0.0,17,,,0.138
scibench_5,CoT,0.0,1.0,0.992,0.0,17,,,0.138
scibench_5,CoT,0.0,1.0,0.992,0.0,17,,,0.138
scibench_5,ToT,0.0,1.0,1.0,0.0,15,,,0.138
scibench_5,ToT,0.0,1.0,1.0,0.0,15,,,0.138
scibench_5,ToT,0.0,1.0,1.0,0.0,15,,,0.138
scibench_5,GoT,0.0,1.0,1.0,0.0,14,,,0.138
scibench_5,GoT,0.0,1.0,1.0,0.0,14,,,0.138
scibench_5,GoT,0.0,1.0,1.0,0.0,14,,,0.138
scibench_5,ReAct,0.0,1.0,0.985,0.0,16,,,0.138
scibench_5,ReAct,0.0,1.0,0.985,0.0,16,,,0.138
scibench_5,ReAct,0.0,1.0,0.985,0.0,16,,,0.138
scibench_5,CPPTAI,0.0,1.0,0.993,0.01,79,0.844,3,0.138
scibench_5,CPPTAI,0.0,1.0,0.993,0.009,79,0.844,3,0.138
scibench_5,CPPTAI,0.0,1.0,0.993,0.009,79,0.844,3,0.138
scibench_5,CPPTAI_no_IV,0.0,1.0,1.0,0.01,8,0.853,3,0.138
scibench_5,CPPTAI_no_IV,0.0,1.0,1.0,0.009,8,0.853,3,0.138
scibench_5,CPPTAI_no_IV,0.0,1.0,1.0,0.009,8,0.853,3,0.138
scibench_5,CPPTAI_no_I,0.0,1.0,0.993,0.003,79,0.844,3,0.138
scibench_5,CPPTAI_no_I,0.0,1.0,0.993,0.003,79,0.844,3,0.138
scibench_5,CPPTAI_no_I,0.0,1.0,0.993,0.003,79,0.844,3,0.138
